,game_code,date,team,side,opp,pos,PA,AB,R,H,2B,3B,HR,RBI,BB,IBB,K,HBP,SH,SF,GDP,w_park_factor,r_wOBA,r_PA,r_1B_PA,r_2B_PA,r_3B_PA,r_HR_PA,r_BB_PA,r_IBB_PA,r_HBP_PA,r_GDP_PA,r_K_PA,r_SF_PA,r_SH_PA,r_avg_pf,h_wOBA,h_PA,h_1B_PA,h_2B_PA,h_3B_PA,h_HR_PA,h_BB_PA,h_IBB_PA,h_HBP_PA,h_GDP_PA,h_K_PA,h_SF_PA,h_SH_PA,h_avg_pf,imputed
0,WSN-2015-04-17,2015-04-17,WSN,H,PHI,P,0,0,0,0,0,0,0,0,0,0,0,0,0,0,0,0,0.317,76,0.153,0.045,0.005,0.027,0.077,0.005,0.009,0.02,0.204,0.007,0.007,100.0,0.317,680,0.153,0.045,0.005,0.027,0.077,0.005,0.009,0.02,0.204,0.007,0.007,100.0,1
1,WSN-2015-06-02,2015-06-02,WSN,H,TOR,P,0,0,0,0,0,0,0,0,0,0,0,0,0,0,0,0,0.317,76,0.153,0.045,0.005,0.027,0.077,0.005,0.009,0.02,0.204,0.007,0.007,100.0,0.317,680,0.153,0.045,0.005,0.027,0.077,0.005,0.009,0.02,0.204,0.007,0.007,100.0,1
2,WSN-2015-06-06,2015-06-06,WSN,H,CHC,P,0,0,0,0,0,0,0,0,0,0,0,0,0,0,0,0,0.317,76,0.153,0.045,0.005,0.027,0.077,0.005,0.009,0.02,0.204,0.007,0.007,100.0,0.317,680,0.153,0.045,0.005,0.027,0.077,0.005,0.009,0.02,0.204,0.007,0.007,100.0,1
3,MIL-2015-06-11,2015-06-11,WSN,A,MIL,P,0,0,0,0,0,0,0,0,0,0,0,0,0,0,0,0,0.317,76,0.153,0.045,0.005,0.027,0.077,0.005,0.009,0.02,0.204,0.007,0.007,100.0,0.317,680,0.153,0.045,0.005,0.027,0.077,0.005,0.009,0.02,0.204,0.007,0.007,100.0,1
4,WSN-2015-06-18,2015-06-18,WSN,H,TBR,P,0,0,0,0,0,0,0,0,0,0,0,0,0,0,0,0,0.317,76,0.153,0.045,0.005,0.027,0.077,0.005,0.009,0.02,0.204,0.007,0.007,100.0,0.317,680,0.153,0.045,0.005,0.027,0.077,0.005,0.009,0.02,0.204,0.007,0.007,100.0,1
5,WSN-2015-06-21,2015-06-21,WSN,H,PIT,P,0,0,0,0,0,0,0,0,0,0,0,0,0,0,0,0,0.317,76,0.153,0.045,0.005,0.027,0.077,0.005,0.009,0.02,0.204,0.007,0.007,100.0,0.317,680,0.153,0.045,0.005,0.027,0.077,0.005,0.009,0.02,0.204,0.007,0.007,100.0,1
6,WSN-2015-06-24,2015-06-24,WSN,H,ATL,P,0,0,0,0,0,0,0,0,0,0,0,0,0,0,0,0,0.317,76,0.153,0.045,0.005,0.027,0.077,0.005,0.009,0.02,0.204,0.007,0.007,100.0,0.317,680,0.153,0.045,0.005,0.027,0.077,0.005,0.009,0.02,0.204,0.007,0.007,100.0,1
7,PHI-2015-06-28,2015-06-28,WSN,A,PHI,P,0,0,0,0,0,0,0,0,0,0,0,0,0,0,0,0,0.317,76,0.153,0.045,0.005,0.027,0.077,0.005,0.009,0.02,0.204,0.007,0.007,100.0,0.317,680,0.153,0.045,0.005,0.027,0.077,0.005,0.009,0.02,0.204,0.007,0.007,100.0,1
8,ATL-2015-07-01,2015-07-01,WSN,A,ATL,P,0,0,0,0,0,0,0,0,0,0,0,0,0,0,0,0,0.317,76,0.153,0.045,0.005,0.027,0.077,0.005,0.009,0.02,0.204,0.007,0.007,100.0,0.317,680,0.153,0.045,0.005,0.027,0.077,0.005,0.009,0.02,0.204,0.007,0.007,100.0,1
9,WSN-2015-07-06,2015-07-06,WSN,H,CIN,P,0,0,0,0,0,0,0,0,0,0,0,0,0,0,0,0,0.317,76,0.153,0.045,0.005,0.027,0.077,0.005,0.009,0.02,0.204,0.007,0.007,100.0,0.317,680,0.153,0.045,0.005,0.027,0.077,0.005,0.009,0.02,0.204,0.007,0.007,100.0,1
10,WSN-2015-07-19,2015-07-19,WSN,H,LAD,P,0,0,0,0,0,0,0,0,0,0,0,0,0,0,0,0,0.317,76,0.153,0.045,0.005,0.027,0.077,0.005,0.009,0.02,0.204,0.007,0.007,100.0,0.317,680,0.153,0.045,0.005,0.027,0.077,0.005,0.009,0.02,0.204,0.007,0.007,100.0,1
11,WSN-2015-07-21,2015-07-21,WSN,H,NYM,P,0,0,0,0,0,0,0,0,0,0,0,0,0,0,0,0,0.317,76,0.153,0.045,0.005,0.027,0.077,0.005,0.009,0.02,0.204,0.007,0.007,100.0,0.317,680,0.153,0.045,0.005,0.027,0.077,0.005,0.009,0.02,0.204,0.007,0.007,100.0,1
12,PIT-2015-07-25,2015-07-25,WSN,A,PIT,P,0,0,0,0,0,0,0,0,0,0,0,0,0,0,0,0,0.317,76,0.153,0.045,0.005,0.027,0.077,0.005,0.009,0.02,0.204,0.007,0.007,100.0,0.317,680,0.153,0.045,0.005,0.027,0.077,0.005,0.009,0.02,0.204,0.007,0.007,100.0,1
13,MIA-2015-07-28,2015-07-28,WSN,A,MIA,P,0,0,0,0,0,0,0,0,0,0,0,0,0,0,0,0,0.317,76,0.153,0.045,0.005,0.027,0.077,0.005,0.009,0.02,0.204,0.007,0.007,100.0,0.317,680,0.153,0.045,0.005,0.027,0.077,0.005,0.009,0.02,0.204,0.007,0.007,100.0,1
14,NYM-2015-07-31,2015-07-31,WSN,A,NYM,P,0,0,0,0,0,0,0,0,0,0,0,0,0,0,0,0,0.317,76,0.153,0.045,0.005,0.027,0.077,0.005,0.009,0.02,0.204,0.007,0.007,100.0,0.317,680,0.153,0.045,0.005,0.027,0.077,0.005,0.009,0.02,0.204,0.007,0.007,100.0,1
15,NYM-2015-08-02,2015-08-02,WSN,A,NYM,P,0,0,0,0,0,0,0,0,0,0,0,0,0,0,0,0,0.317,76,0.153,0.045,0.005,0.027,0.077,0.005,0.009,0.02,0.204,0.007,0.007,100.0,0.317,680,0.153,0.045,0.005,0.027,0.077,0.005,0.009,0.02,0.204,0.007,0.007,100.0,1
16,WSN-2015-08-05,2015-08-05,WSN,H,ARI,P,0,0,0,0,0,0,0,0,0,0,0,0,0,0,0,0,0.317,76,0.153,0.045,0.005,0.027,0.077,0.005,0.009,0.02,0.204,0.007,0.007,100.0,0.317,680,0.153,0.045,0.005,0.027,0.077,0.005,0.009,0.02,0.204,0.007,0.007,100.0,1
17,WSN-2015-08-07,2015-08-07,WSN,H,COL,P,0,0,0,0,0,0,0,0,0,0,0,0,0,0,0,0,0.317,76,0.153,0.045,0.005,0.027,0.077,0.005,0.009,0.02,0.204,0.007,0.007,100.0,0.317,680,0.153,0.045,0.005,0.027,0.077,0.005,0.009,0.02,0.204,0.007,0.007,100.0,1
18,WSN-2015-08-09,2015-08-09,WSN,H,COL,P,0,0,0,0,0,0,0,0,0,0,0,0,0,0,0,0,0.317,76,0.153,0.045,0.005,0.027,0.077,0.005,0.009,0.02,0.204,0.007,0.007,100.0,0.317,680,0.153,0.045,0.005,0.027,0.077,0.005,0.009,0.02,0.204,0.007,0.007,100.0,1
19,LAD-2015-08-11,2015-08-11,WSN,A,LAD,P,0,0,0,0,0,0,0,0,0,0,0,0,0,0,0,0,0.317,76,0.153,0.045,0.005,0.027,0.077,0.005,0.009,0.02,0.204,0.007,0.007,100.0,0.317,680,0.153,0.045,0.005,0.027,0.077,0.005,0.009,0.02,0.204,0.007,0.007,100.0,1
20,SFG-2015-08-13,2015-08-13,WSN,A,SFG,P,0,0,0,0,0,0,0,0,0,0,0,0,0,0,0,0,0.317,76,0.153,0.045,0.005,0.027,0.077,0.005,0.009,0.02,0.204,0.007,0.007,100.0,0.317,680,0.153,0.045,0.005,0.027,0.077,0.005,0.009,0.02,0.204,0.007,0.007,100.0,1
21,SFG-2015-08-15,2015-08-15,WSN,A,SFG,P,0,0,0,0,0,0,0,0,0,0,0,0,0,0,0,0,0.317,76,0.153,0.045,0.005,0.027,0.077,0.005,0.009,0.02,0.204,0.007,0.007,100.0,0.317,680,0.153,0.045,0.005,0.027,0.077,0.005,0.009,0.02,0.204,0.007,0.007,100.0,1
22,COL-2015-08-18,2015-08-18,WSN,A,COL,P,0,0,0,0,0,0,0,0,0,0,0,0,0,0,0,0,0.317,76,0.153,0.045,0.005,0.027,0.077,0.005,0.009,0.02,0.204,0.007,0.007,100.0,0.317,680,0.153,0.045,0.005,0.027,0.077,0.005,0.009,0.02,0.204,0.007,0.007,100.0,1
23,COL-2015-08-20,2015-08-20,WSN,A,COL,P,0,0,0,0,0,0,0,0,0,0,0,0,0,0,0,0,0.317,76,0.153,0.045,0.005,0.027,0.077,0.005,0.009,0.02,0.204,0.007,0.007,100.0,0.317,680,0.153,0.045,0.005,0.027,0.077,0.005,0.009,0.02,0.204,0.007,0.007,100.0,1
24,WSN-2015-08-21,2015-08-21,WSN,H,MIL,P,0,0,0,0,0,0,0,0,0,0,0,0,0,0,0,0,0.317,76,0.153,0.045,0.005,0.027,0.077,0.005,0.009,0.02,0.204,0.007,0.007,100.0,0.317,680,0.153,0.045,0.005,0.027,0.077,0.005,0.009,0.02,0.204,0.007,0.007,100.0,1
25,WSN-2015-08-23,2015-08-23,WSN,H,MIL,P,0,0,0,0,0,0,0,0,0,0,0,0,0,0,0,0,0.317,76,0.153,0.045,0.005,0.027,0.077,0.005,0.009,0.02,0.204,0.007,0.007,100.0,0.317,680,0.153,0.045,0.005,0.027,0.077,0.005,0.009,0.02,0.204,0.007,0.007,100.0,1
26,WSN-2015-08-28,2015-08-28,WSN,H,MIA,P,0,0,0,0,0,0,0,0,0,0,0,0,0,0,0,0,0.317,76,0.153,0.045,0.005,0.027,0.077,0.005,0.009,0.02,0.204,0.007,0.007,100.0,0.317,680,0.153,0.045,0.005,0.027,0.077,0.005,0.009,0.02,0.204,0.007,0.007,100.0,1
27,WSN-2015-08-30,2015-08-30,WSN,H,MIA,P,0,0,0,0,0,0,0,0,0,0,0,0,0,0,0,0,0.317,76,0.153,0.045,0.005,0.027,0.077,0.005,0.009,0.02,0.204,0.007,0.007,100.0,0.317,680,0.153,0.045,0.005,0.027,0.077,0.005,0.009,0.02,0.204,0.007,0.007,100.0,1
28,STL-2015-08-31,2015-08-31,WSN,A,STL,P,0,0,0,0,0,0,0,0,0,0,0,0,0,0,0,0,0.317,76,0.153,0.045,0.005,0.027,0.077,0.005,0.009,0.02,0.204,0.007,0.007,100.0,0.317,680,0.153,0.045,0.005,0.027,0.077,0.005,0.009,0.02,0.204,0.007,0.007,100.0,1
29,STL-2015-09-01,2015-09-01,WSN,A,STL,P,0,0,0,0,0,0,0,0,0,0,0,0,0,0,0,0,0.317,76,0.153,0.045,0.005,0.027,0.077,0.005,0.009,0.02,0.204,0.007,0.007,100.0,0.317,680,0.153,0.045,0.005,0.027,0.077,0.005,0.009,0.02,0.204,0.007,0.007,100.0,1
30,WSN-2015-09-04,2015-09-04,WSN,H,ATL,P,0,0,0,0,0,0,0,0,0,0,0,0,0,0,0,0,0.317,76,0.153,0.045,0.005,0.027,0.077,0.005,0.009,0.02,0.204,0.007,0.007,100.0,0.317,680,0.153,0.045,0.005,0.027,0.077,0.005,0.009,0.02,0.204,0.007,0.007,100.0,1
31,WSN-2015-09-06,2015-09-06,WSN,H,ATL,P,0,0,0,0,0,0,0,0,0,0,0,0,0,0,0,0,0.317,76,0.153,0.045,0.005,0.027,0.077,0.005,0.009,0.02,0.204,0.007,0.007,100.0,0.317,680,0.153,0.045,0.005,0.027,0.077,0.005,0.009,0.02,0.204,0.007,0.007,100.0,1
32,WSN-2015-09-07,2015-09-07,WSN,H,NYM,P,0,0,0,0,0,0,0,0,0,0,0,0,0,0,0,0,0.317,76,0.153,0.045,0.005,0.027,0.077,0.005,0.009,0.02,0.204,0.007,0.007,100.0,0.317,680,0.153,0.045,0.005,0.027,0.077,0.005,0.009,0.02,0.204,0.007,0.007,100.0,1
33,WSN-2015-09-08,2015-09-08,WSN,H,NYM,P,0,0,0,0,0,0,0,0,0,0,0,0,0,0,0,0,0.317,76,0.153,0.045,0.005,0.027,0.077,0.005,0.009,0.02,0.204,0.007,0.007,100.0,0.317,680,0.153,0.045,0.005,0.027,0.077,0.005,0.009,0.02,0.204,0.007,0.007,100.0,1
34,MIA-2015-09-11,2015-09-11,WSN,A,MIA,P,0,0,0,0,0,0,0,0,0,0,0,0,0,0,0,0,0.317,76,0.153,0.045,0.005,0.027,0.077,0.005,0.009,0.02,0.204,0.007,0.007,100.0,0.317,680,0.153,0.045,0.005,0.027,0.077,0.005,0.009,0.02,0.204,0.007,0.007,100.0,1
35,MIA-2015-09-13,2015-09-13,WSN,A,MIA,P,0,0,0,0,0,0,0,0,0,0,0,0,0,0,0,0,0.317,76,0.153,0.045,0.005,0.027,0.077,0.005,0.009,0.02,0.204,0.007,0.007,100.0,0.317,680,0.153,0.045,0.005,0.027,0.077,0.005,0.009,0.02,0.204,0.007,0.007,100.0,1
36,PHI-2015-09-14,2015-09-14,WSN,A,PHI,P,0,0,0,0,0,0,0,0,0,0,0,0,0,0,0,0,0.317,76,0.153,0.045,0.005,0.027,0.077,0.005,0.009,0.02,0.204,0.007,0.007,100.0,0.317,680,0.153,0.045,0.005,0.027,0.077,0.005,0.009,0.02,0.204,0.007,0.007,100.0,1
37,PHI-2015-09-16,2015-09-16,WSN,A,PHI,P,0,0,0,0,0,0,0,0,0,0,0,0,0,0,0,0,0.317,76,0.153,0.045,0.005,0.027,0.077,0.005,0.009,0.02,0.204,0.007,0.007,100.0,0.317,680,0.153,0.045,0.005,0.027,0.077,0.005,0.009,0.02,0.204,0.007,0.007,100.0,1
38,WSN-2015-09-18,2015-09-18,WSN,H,MIA,P,0,0,0,0,0,0,0,0,0,0,0,0,0,0,0,0,0.317,76,0.153,0.045,0.005,0.027,0.077,0.005,0.009,0.02,0.204,0.007,0.007,100.0,0.317,680,0.153,0.045,0.005,0.027,0.077,0.005,0.009,0.02,0.204,0.007,0.007,100.0,1
39,WSN-2015-09-19,2015-09-19,WSN,H,MIA,P,0,0,0,0,0,0,0,0,0,0,0,0,0,0,0,0,0.317,76,0.153,0.045,0.005,0.027,0.077,0.005,0.009,0.02,0.204,0.007,0.007,100.0,0.317,680,0.153,0.045,0.005,0.027,0.077,0.005,0.009,0.02,0.204,0.007,0.007,100.0,1
40,WSN-2015-09-23,2015-09-23,WSN,H,BAL,P,0,0,0,0,0,0,0,0,0,0,0,0,0,0,0,0,0.317,76,0.153,0.045,0.005,0.027,0.077,0.005,0.009,0.02,0.204,0.007,0.007,100.0,0.317,680,0.153,0.045,0.005,0.027,0.077,0.005,0.009,0.02,0.204,0.007,0.007,100.0,1
41,WSN-2015-09-24,2015-09-24,WSN,H,BAL,P,0,0,0,0,0,0,0,0,0,0,0,0,0,0,0,0,0.317,76,0.153,0.045,0.005,0.027,0.077,0.005,0.009,0.02,0.204,0.007,0.007,100.0,0.317,680,0.153,0.045,0.005,0.027,0.077,0.005,0.009,0.02,0.204,0.007,0.007,100.0,1
42,WSN-2015-09-26,2015-09-26,WSN,H,PHI,P,0,0,0,0,0,0,0,0,0,0,0,0,0,0,0,0,0.317,76,0.153,0.045,0.005,0.027,0.077,0.005,0.009,0.02,0.204,0.007,0.007,100.0,0.317,680,0.153,0.045,0.005,0.027,0.077,0.005,0.009,0.02,0.204,0.007,0.007,100.0,1
43,WSN-2015-09-27,2015-09-27,WSN,H,PHI,P,0,0,0,0,0,0,0,0,0,0,0,0,0,0,0,0,0.317,76,0.153,0.045,0.005,0.027,0.077,0.005,0.009,0.02,0.204,0.007,0.007,100.0,0.317,680,0.153,0.045,0.005,0.027,0.077,0.005,0.009,0.02,0.204,0.007,0.007,100.0,1
44,ATL-2015-10-01,2015-10-01,WSN,A,ATL,P,0,0,0,0,0,0,0,0,0,0,0,0,0,0,0,0,0.317,76,0.153,0.045,0.005,0.027,0.077,0.005,0.009,0.02,0.204,0.007,0.007,100.0,0.317,680,0.153,0.045,0.005,0.027,0.077,0.005,0.009,0.02,0.204,0.007,0.007,100.0,1
45,NYM-2015-10-03,2015-10-03,WSN,A,NYM,P,0,0,0,0,0,0,0,0,0,0,0,0,0,0,0,0,0.317,76,0.153,0.045,0.005,0.027,0.077,0.005,0.009,0.02,0.204,0.007,0.007,100.0,0.317,680,0.153,0.045,0.005,0.027,0.077,0.005,0.009,0.02,0.204,0.007,0.007,100.0,1
46,ATL-2016-04-04,2016-04-04,WSN,A,ATL,P,0,0,0,0,0,0,0,0,0,0,0,0,0,0,0,0,0.322,76,0.149,0.045,0.005,0.031,0.082,0.005,0.009,0.02,0.211,0.007,0.006,100.0,0.322,684,0.149,0.045,0.005,0.031,0.082,0.005,0.009,0.02,0.211,0.007,0.006,100.0,1
47,ATL-2016-04-06,2016-04-06,WSN,A,ATL,P,0,0,0,0,0,0,0,0,0,0,0,0,0,0,0,0,0.322,76,0.149,0.045,0.005,0.031,0.082,0.005,0.009,0.02,0.211,0.007,0.006,100.0,0.322,684,0.149,0.045,0.005,0.031,0.082,0.005,0.009,0.02,0.211,0.007,0.006,100.0,1
48,WSN-2016-04-11,2016-04-11,WSN,H,ATL,P,0,0,0,0,0,0,0,0,0,0,0,0,0,0,0,0,0.322,76,0.149,0.045,0.005,0.031,0.082,0.005,0.009,0.02,0.211,0.007,0.006,100.0,0.322,684,0.149,0.045,0.005,0.031,0.082,0.005,0.009,0.02,0.211,0.007,0.006,100.0,1
49,WSN-2016-04-12,2016-04-12,WSN,H,ATL,P,0,0,0,0,0,0,0,0,0,0,0,0,0,0,0,0,0.322,76,0.149,0.045,0.005,0.031,0.082,0.005,0.009,0.02,0.211,0.007,0.006,100.0,0.322,684,0.149,0.045,0.005,0.031,0.082,0.005,0.009,0.02,0.211,0.007,0.006,100.0,1
50,WSN-2016-04-14,2016-04-14,WSN,H,ATL,P,0,0,0,0,0,0,0,0,0,0,0,0,0,0,0,0,0.322,76,0.149,0.045,0.005,0.031,0.082,0.005,0.009,0.02,0.211,0.007,0.006,100.0,0.322,684,0.149,0.045,0.005,0.031,0.082,0.005,0.009,0.02,0.211,0.007,0.006,100.0,1
51,PHI-2016-04-17,2016-04-17,WSN,A,PHI,P,0,0,0,0,0,0,0,0,0,0,0,0,0,0,0,0,0.322,76,0.149,0.045,0.005,0.031,0.082,0.005,0.009,0.02,0.211,0.007,0.006,100.0,0.322,684,0.149,0.045,0.005,0.031,0.082,0.005,0.009,0.02,0.211,0.007,0.006,100.0,1
52,MIA-2016-04-21,2016-04-21,WSN,A,MIA,P,0,0,0,0,0,0,0,0,0,0,0,0,0,0,0,0,0.322,76,0.149,0.045,0.005,0.031,0.082,0.005,0.009,0.02,0.211,0.007,0.006,100.0,0.322,684,0.149,0.045,0.005,0.031,0.082,0.005,0.009,0.02,0.211,0.007,0.006,100.0,1
53,WSN-2016-04-22,2016-04-22,WSN,H,MIN,P,0,0,0,0,0,0,0,0,0,0,0,0,0,0,0,0,0.322,76,0.149,0.045,0.005,0.031,0.082,0.005,0.009,0.02,0.211,0.007,0.006,100.0,0.322,684,0.149,0.045,0.005,0.031,0.082,0.005,0.009,0.02,0.211,0.007,0.006,100.0,1
54,WSN-2016-04-24,2016-04-24,WSN,H,MIN,P,0,0,0,0,0,0,0,0,0,0,0,0,0,0,0,0,0.322,76,0.149,0.045,0.005,0.031,0.082,0.005,0.009,0.02,0.211,0.007,0.006,100.0,0.322,684,0.149,0.045,0.005,0.031,0.082,0.005,0.009,0.02,0.211,0.007,0.006,100.0,1
55,WSN-2016-04-26,2016-04-26,WSN,H,PHI,P,0,0,0,0,0,0,0,0,0,0,0,0,0,0,0,0,0.322,76,0.149,0.045,0.005,0.031,0.082,0.005,0.009,0.02,0.211,0.007,0.006,100.0,0.322,684,0.149,0.045,0.005,0.031,0.082,0.005,0.009,0.02,0.211,0.007,0.006,100.0,1
56,WSN-2016-04-28,2016-04-28,WSN,H,PHI,P,0,0,0,0,0,0,0,0,0,0,0,0,0,0,0,0,0.322,76,0.149,0.045,0.005,0.031,0.082,0.005,0.009,0.02,0.211,0.007,0.006,100.0,0.322,684,0.149,0.045,0.005,0.031,0.082,0.005,0.009,0.02,0.211,0.007,0.006,100.0,1
57,STL-2016-04-30,2016-04-30,WSN,A,STL,P,0,0,0,0,0,0,0,0,0,0,0,0,0,0,0,0,0.322,76,0.149,0.045,0.005,0.031,0.082,0.005,0.009,0.02,0.211,0.007,0.006,100.0,0.322,684,0.149,0.045,0.005,0.031,0.082,0.005,0.009,0.02,0.211,0.007,0.006,100.0,1
58,STL-2016-05-01,2016-05-01,WSN,A,STL,P,0,0,0,0,0,0,0,0,0,0,0,0,0,0,0,0,0.322,76,0.149,0.045,0.005,0.031,0.082,0.005,0.009,0.02,0.211,0.007,0.006,100.0,0.322,684,0.149,0.045,0.005,0.031,0.082,0.005,0.009,0.02,0.211,0.007,0.006,100.0,1
59,CHC-2016-05-05,2016-05-05,WSN,A,CHC,P,0,0,0,0,0,0,0,0,0,0,0,0,0,0,0,0,0.322,76,0.149,0.045,0.005,0.031,0.082,0.005,0.009,0.02,0.211,0.007,0.006,100.0,0.322,684,0.149,0.045,0.005,0.031,0.082,0.005,0.009,0.02,0.211,0.007,0.006,100.0,1
60,CHC-2016-05-07,2016-05-07,WSN,A,CHC,P,0,0,0,0,0,0,0,0,0,0,0,0,0,0,0,0,0.322,76,0.149,0.045,0.005,0.031,0.082,0.005,0.009,0.02,0.211,0.007,0.006,100.0,0.322,684,0.149,0.045,0.005,0.031,0.082,0.005,0.009,0.02,0.211,0.007,0.006,100.0,1
61,WSN-2016-05-09,2016-05-09,WSN,H,DET,P,0,0,0,0,0,0,0,0,0,0,0,0,0,0,0,0,0.322,76,0.149,0.045,0.005,0.031,0.082,0.005,0.009,0.02,0.211,0.007,0.006,100.0,0.322,684,0.149,0.045,0.005,0.031,0.082,0.005,0.009,0.02,0.211,0.007,0.006,100.0,1
62,WSN-2016-05-13,2016-05-13,WSN,H,MIA,P,0,0,0,0,0,0,0,0,0,0,0,0,0,0,0,0,0.322,76,0.149,0.045,0.005,0.031,0.082,0.005,0.009,0.02,0.211,0.007,0.006,100.0,0.322,684,0.149,0.045,0.005,0.031,0.082,0.005,0.009,0.02,0.211,0.007,0.006,100.0,1
63,WSN-2016-05-14,2016-05-14,WSN,H,MIA,P,0,0,0,0,0,0,0,0,0,0,0,0,0,0,0,0,0.322,76,0.149,0.045,0.005,0.031,0.082,0.005,0.009,0.02,0.211,0.007,0.006,100.0,0.322,684,0.149,0.045,0.005,0.031,0.082,0.005,0.009,0.02,0.211,0.007,0.006,100.0,1
64,NYM-2016-05-17,2016-05-17,WSN,A,NYM,P,0,0,0,0,0,0,0,0,0,0,0,0,0,0,0,0,0.322,76,0.149,0.045,0.005,0.031,0.082,0.005,0.009,0.02,0.211,0.007,0.006,100.0,0.322,684,0.149,0.045,0.005,0.031,0.082,0.005,0.009,0.02,0.211,0.007,0.006,100.0,1
65,NYM-2016-05-18,2016-05-18,WSN,A,NYM,P,0,0,0,0,0,0,0,0,0,0,0,0,0,0,0,0,0.322,76,0.149,0.045,0.005,0.031,0.082,0.005,0.009,0.02,0.211,0.007,0.006,100.0,0.322,684,0.149,0.045,0.005,0.031,0.082,0.005,0.009,0.02,0.211,0.007,0.006,100.0,1
66,MIA-2016-05-20,2016-05-20,WSN,A,MIA,P,0,0,0,0,0,0,0,0,0,0,0,0,0,0,0,0,0.322,76,0.149,0.045,0.005,0.031,0.082,0.005,0.009,0.02,0.211,0.007,0.006,100.0,0.322,684,0.149,0.045,0.005,0.031,0.082,0.005,0.009,0.02,0.211,0.007,0.006,100.0,1
67,WSN-2016-05-24,2016-05-24,WSN,H,NYM,P,0,0,0,0,0,0,0,0,0,0,0,0,0,0,0,0,0.322,76,0.149,0.045,0.005,0.031,0.082,0.005,0.009,0.02,0.211,0.007,0.006,100.0,0.322,684,0.149,0.045,0.005,0.031,0.082,0.005,0.009,0.02,0.211,0.007,0.006,100.0,1
68,WSN-2016-05-26,2016-05-26,WSN,H,STL,P,0,0,0,0,0,0,0,0,0,0,0,0,0,0,0,0,0.322,76,0.149,0.045,0.005,0.031,0.082,0.005,0.009,0.02,0.211,0.007,0.006,100.0,0.322,684,0.149,0.045,0.005,0.031,0.082,0.005,0.009,0.02,0.211,0.007,0.006,100.0,1
69,WSN-2016-05-29,2016-05-29,WSN,H,STL,P,0,0,0,0,0,0,0,0,0,0,0,0,0,0,0,0,0.322,76,0.149,0.045,0.005,0.031,0.082,0.005,0.009,0.02,0.211,0.007,0.006,100.0,0.322,684,0.149,0.045,0.005,0.031,0.082,0.005,0.009,0.02,0.211,0.007,0.006,100.0,1
70,PHI-2016-05-30,2016-05-30,WSN,A,PHI,P,0,0,0,0,0,0,0,0,0,0,0,0,0,0,0,0,0.322,76,0.149,0.045,0.005,0.031,0.082,0.005,0.009,0.02,0.211,0.007,0.006,100.0,0.322,684,0.149,0.045,0.005,0.031,0.082,0.005,0.009,0.02,0.211,0.007,0.006,100.0,1
71,PHI-2016-05-31,2016-05-31,WSN,A,PHI,P,0,0,0,0,0,0,0,0,0,0,0,0,0,0,0,0,0.322,76,0.149,0.045,0.005,0.031,0.082,0.005,0.009,0.02,0.211,0.007,0.006,100.0,0.322,684,0.149,0.045,0.005,0.031,0.082,0.005,0.009,0.02,0.211,0.007,0.006,100.0,1
72,CIN-2016-06-04,2016-06-04,WSN,A,CIN,P,0,0,0,0,0,0,0,0,0,0,0,0,0,0,0,0,0.322,76,0.149,0.045,0.005,0.031,0.082,0.005,0.009,0.02,0.211,0.007,0.006,100.0,0.322,684,0.149,0.045,0.005,0.031,0.082,0.005,0.009,0.02,0.211,0.007,0.006,100.0,1
73,CIN-2016-06-05,2016-06-05,WSN,A,CIN,P,0,0,0,0,0,0,0,0,0,0,0,0,0,0,0,0,0.322,76,0.149,0.045,0.005,0.031,0.082,0.005,0.009,0.02,0.211,0.007,0.006,100.0,0.322,684,0.149,0.045,0.005,0.031,0.082,0.005,0.009,0.02,0.211,0.007,0.006,100.0,1
74,WSN-2016-06-10,2016-06-10,WSN,H,PHI,P,0,0,0,0,0,0,0,0,0,0,0,0,0,0,0,0,0.322,76,0.149,0.045,0.005,0.031,0.082,0.005,0.009,0.02,0.211,0.007,0.006,100.0,0.322,684,0.149,0.045,0.005,0.031,0.082,0.005,0.009,0.02,0.211,0.007,0.006,100.0,1
75,WSN-2016-06-15,2016-06-15,WSN,H,CHC,P,0,0,0,0,0,0,0,0,0,0,0,0,0,0,0,0,0.322,76,0.149,0.045,0.005,0.031,0.082,0.005,0.009,0.02,0.211,0.007,0.006,100.0,0.322,684,0.149,0.045,0.005,0.031,0.082,0.005,0.009,0.02,0.211,0.007,0.006,100.0,1
76,SDP-2016-06-16,2016-06-16,WSN,A,SDP,P,0,0,0,0,0,0,0,0,0,0,0,0,0,0,0,0,0.322,76,0.149,0.045,0.005,0.031,0.082,0.005,0.009,0.02,0.211,0.007,0.006,100.0,0.322,684,0.149,0.045,0.005,0.031,0.082,0.005,0.009,0.02,0.211,0.007,0.006,100.0,1
77,SDP-2016-06-18,2016-06-18,WSN,A,SDP,P,0,0,0,0,0,0,0,0,0,0,0,0,0,0,0,0,0.322,76,0.149,0.045,0.005,0.031,0.082,0.005,0.009,0.02,0.211,0.007,0.006,100.0,0.322,684,0.149,0.045,0.005,0.031,0.082,0.005,0.009,0.02,0.211,0.007,0.006,100.0,1
78,SDP-2016-06-19,2016-06-19,WSN,A,SDP,P,0,0,0,0,0,0,0,0,0,0,0,0,0,0,0,0,0.322,76,0.149,0.045,0.005,0.031,0.082,0.005,0.009,0.02,0.211,0.007,0.006,100.0,0.322,684,0.149,0.045,0.005,0.031,0.082,0.005,0.009,0.02,0.211,0.007,0.006,100.0,1
79,LAD-2016-06-22,2016-06-22,WSN,A,LAD,P,0,0,0,0,0,0,0,0,0,0,0,0,0,0,0,0,0.322,76,0.149,0.045,0.005,0.031,0.082,0.005,0.009,0.02,0.211,0.007,0.006,100.0,0.322,684,0.149,0.045,0.005,0.031,0.082,0.005,0.009,0.02,0.211,0.007,0.006,100.0,1
80,WSN-2016-06-27,2016-06-27,WSN,H,NYM,P,0,0,0,0,0,0,0,0,0,0,0,0,0,0,0,0,0.322,76,0.149,0.045,0.005,0.031,0.082,0.005,0.009,0.02,0.211,0.007,0.006,100.0,0.322,684,0.149,0.045,0.005,0.031,0.082,0.005,0.009,0.02,0.211,0.007,0.006,100.0,1
81,WSN-2016-06-30,2016-06-30,WSN,H,CIN,P,0,0,0,0,0,0,0,0,0,0,0,0,0,0,0,0,0.322,76,0.149,0.045,0.005,0.031,0.082,0.005,0.009,0.02,0.211,0.007,0.006,100.0,0.322,684,0.149,0.045,0.005,0.031,0.082,0.005,0.009,0.02,0.211,0.007,0.006,100.0,1
82,WSN-2016-07-02,2016-07-02,WSN,H,CIN,P,0,0,0,0,0,0,0,0,0,0,0,0,0,0,0,0,0.322,76,0.149,0.045,0.005,0.031,0.082,0.005,0.009,0.02,0.211,0.007,0.006,100.0,0.322,684,0.149,0.045,0.005,0.031,0.082,0.005,0.009,0.02,0.211,0.007,0.006,100.0,1
83,WSN-2016-07-04,2016-07-04,WSN,H,MIL,P,0,0,0,0,0,0,0,0,0,0,0,0,0,0,0,0,0.322,76,0.149,0.045,0.005,0.031,0.082,0.005,0.009,0.02,0.211,0.007,0.006,100.0,0.322,684,0.149,0.045,0.005,0.031,0.082,0.005,0.009,0.02,0.211,0.007,0.006,100.0,1
84,NYM-2016-07-09,2016-07-09,WSN,A,NYM,P,0,0,0,0,0,0,0,0,0,0,0,0,0,0,0,0,0.322,76,0.149,0.045,0.005,0.031,0.082,0.005,0.009,0.02,0.211,0.007,0.006,100.0,0.322,684,0.149,0.045,0.005,0.031,0.082,0.005,0.009,0.02,0.211,0.007,0.006,100.0,1
85,WSN-2016-07-17,2016-07-17,WSN,H,PIT,P,1,1,0,0,0,0,0,0,0,0,1,0,0,0,0,102,0.322,76,0.149,0.045,0.005,0.031,0.082,0.005,0.009,0.02,0.211,0.007,0.006,100.0,0.322,684,0.149,0.045,0.005,0.031,0.082,0.005,0.009,0.02,0.211,0.007,0.006,100.0,1
86,WSN-2016-07-20,2016-07-20,WSN,H,LAD,P,0,0,0,0,0,0,0,0,0,0,0,0,0,0,0,0,0.322,76,0.149,0.045,0.005,0.031,0.082,0.005,0.009,0.02,0.211,0.007,0.006,100.0,0.322,684,0.149,0.045,0.005,0.031,0.082,0.005,0.009,0.02,0.211,0.007,0.006,100.0,1
87,WSN-2016-07-22,2016-07-22,WSN,H,SDP,P,0,0,0,0,0,0,0,0,0,0,0,0,0,0,0,0,0.322,76,0.149,0.045,0.005,0.031,0.082,0.005,0.009,0.02,0.211,0.007,0.006,100.0,0.322,684,0.149,0.045,0.005,0.031,0.082,0.005,0.009,0.02,0.211,0.007,0.006,100.0,1
88,SFG-2016-07-29,2016-07-29,WSN,A,SFG,P,0,0,0,0,0,0,0,0,0,0,0,0,0,0,0,0,0.322,76,0.149,0.045,0.005,0.031,0.082,0.005,0.009,0.02,0.211,0.007,0.006,100.0,0.322,684,0.149,0.045,0.005,0.031,0.082,0.005,0.009,0.02,0.211,0.007,0.006,100.0,1
89,MIL-2016-07-31,2016-07-31,PIT,A,MIL,P,0,0,0,0,0,0,0,0,0,0,0,0,0,0,0,0,0.322,76,0.149,0.045,0.005,0.031,0.082,0.005,0.009,0.02,0.211,0.007,0.006,100.0,0.322,684,0.149,0.045,0.005,0.031,0.082,0.005,0.009,0.02,0.211,0.007,0.006,100.0,1
90,ATL-2016-08-02,2016-08-02,PIT,A,ATL,P,0,0,0,0,0,0,0,0,0,0,0,0,0,0,0,0,0.322,76,0.149,0.045,0.005,0.031,0.082,0.005,0.009,0.02,0.211,0.007,0.006,100.0,0.322,684,0.149,0.045,0.005,0.031,0.082,0.005,0.009,0.02,0.211,0.007,0.006,100.0,1
91,ATL-2016-08-04,2016-08-04,PIT,A,ATL,P,0,0,0,0,0,0,0,0,0,0,0,0,0,0,0,0,0.322,76,0.149,0.045,0.005,0.031,0.082,0.005,0.009,0.02,0.211,0.007,0.006,100.0,0.322,684,0.149,0.045,0.005,0.031,0.082,0.005,0.009,0.02,0.211,0.007,0.006,100.0,1
92,PIT-2016-08-05,2016-08-05,PIT,H,CIN,P,0,0,0,0,0,0,0,0,0,0,0,0,0,0,0,0,0.322,76,0.149,0.045,0.005,0.031,0.082,0.005,0.009,0.02,0.211,0.007,0.006,100.0,0.322,684,0.149,0.045,0.005,0.031,0.082,0.005,0.009,0.02,0.211,0.007,0.006,100.0,1
93,PIT-2016-08-09,2016-08-09,PIT,H,SDP,P,0,0,0,0,0,0,0,0,0,0,0,0,0,0,0,0,0.322,76,0.149,0.045,0.005,0.031,0.082,0.005,0.009,0.02,0.211,0.007,0.006,100.0,0.322,684,0.149,0.045,0.005,0.031,0.082,0.005,0.009,0.02,0.211,0.007,0.006,100.0,1
94,LAD-2016-08-12,2016-08-12,PIT,A,LAD,P,0,0,0,0,0,0,0,0,0,0,0,0,0,0,0,0,0.322,76,0.149,0.045,0.005,0.031,0.082,0.005,0.009,0.02,0.211,0.007,0.006,100.0,0.322,684,0.149,0.045,0.005,0.031,0.082,0.005,0.009,0.02,0.211,0.007,0.006,100.0,1
95,LAD-2016-08-14,2016-08-14,PIT,A,LAD,P,0,0,0,0,0,0,0,0,0,0,0,0,0,0,0,0,0.322,76,0.149,0.045,0.005,0.031,0.082,0.005,0.009,0.02,0.211,0.007,0.006,100.0,0.322,684,0.149,0.045,0.005,0.031,0.082,0.005,0.009,0.02,0.211,0.007,0.006,100.0,1
96,SFG-2016-08-15,2016-08-15,PIT,A,SFG,P,0,0,0,0,0,0,0,0,0,0,0,0,0,0,0,0,0.322,76,0.149,0.045,0.005,0.031,0.082,0.005,0.009,0.02,0.211,0.007,0.006,100.0,0.322,684,0.149,0.045,0.005,0.031,0.082,0.005,0.009,0.02,0.211,0.007,0.006,100.0,1
97,SFG-2016-08-17,2016-08-17,PIT,A,SFG,P,0,0,0,0,0,0,0,0,0,0,0,0,0,0,0,0,0.322,76,0.149,0.045,0.005,0.031,0.082,0.005,0.009,0.02,0.211,0.007,0.006,100.0,0.322,684,0.149,0.045,0.005,0.031,0.082,0.005,0.009,0.02,0.211,0.007,0.006,100.0,1
98,PIT-2016-08-19,2016-08-19,PIT,H,MIA,P,0,0,0,0,0,0,0,0,0,0,0,0,0,0,0,0,0.322,76,0.149,0.045,0.005,0.031,0.082,0.005,0.009,0.02,0.211,0.007,0.006,100.0,0.322,684,0.149,0.045,0.005,0.031,0.082,0.005,0.009,0.02,0.211,0.007,0.006,100.0,1
99,PIT-2016-08-21,2016-08-21,PIT,H,MIA,P,0,0,0,0,0,0,0,0,0,0,0,0,0,0,0,0,0.322,76,0.149,0.045,0.005,0.031,0.082,0.005,0.009,0.02,0.211,0.007,0.006,100.0,0.322,684,0.149,0.045,0.005,0.031,0.082,0.005,0.009,0.02,0.211,0.007,0.006,100.0,1
100,PIT-2016-08-24,2016-08-24,PIT,H,HOU,P,0,0,0,0,0,0,0,0,0,0,0,0,0,0,0,0,0.322,76,0.149,0.045,0.005,0.031,0.082,0.005,0.009,0.02,0.211,0.007,0.006,100.0,0.322,684,0.149,0.045,0.005,0.031,0.082,0.005,0.009,0.02,0.211,0.007,0.006,100.0,1
101,MIL-2016-08-25,2016-08-25,PIT,A,MIL,P,0,0,0,0,0,0,0,0,0,0,0,0,0,0,0,0,0.322,76,0.149,0.045,0.005,0.031,0.082,0.005,0.009,0.02,0.211,0.007,0.006,100.0,0.322,684,0.149,0.045,0.005,0.031,0.082,0.005,0.009,0.02,0.211,0.007,0.006,100.0,1
102,MIL-2016-08-26,2016-08-26,PIT,A,MIL,P,0,0,0,0,0,0,0,0,0,0,0,0,0,0,0,0,0.322,76,0.149,0.045,0.005,0.031,0.082,0.005,0.009,0.02,0.211,0.007,0.006,100.0,0.322,684,0.149,0.045,0.005,0.031,0.082,0.005,0.009,0.02,0.211,0.007,0.006,100.0,1
103,MIL-2016-08-28,2016-08-28,PIT,A,MIL,P,0,0,0,0,0,0,0,0,0,0,0,0,0,0,0,0,0.322,76,0.149,0.045,0.005,0.031,0.082,0.005,0.009,0.02,0.211,0.007,0.006,100.0,0.322,684,0.149,0.045,0.005,0.031,0.082,0.005,0.009,0.02,0.211,0.007,0.006,100.0,1
104,CHC-2016-08-29,2016-08-29,PIT,A,CHC,P,0,0,0,0,0,0,0,0,0,0,0,0,0,0,0,0,0.322,76,0.149,0.045,0.005,0.031,0.082,0.005,0.009,0.02,0.211,0.007,0.006,100.0,0.322,684,0.149,0.045,0.005,0.031,0.082,0.005,0.009,0.02,0.211,0.007,0.006,100.0,1
105,PIT-2016-09-02,2016-09-02,PIT,H,MIL,P,0,0,0,0,0,0,0,0,0,0,0,0,0,0,0,0,0.322,76,0.149,0.045,0.005,0.031,0.082,0.005,0.009,0.02,0.211,0.007,0.006,100.0,0.322,684,0.149,0.045,0.005,0.031,0.082,0.005,0.009,0.02,0.211,0.007,0.006,100.0,1
106,PIT-2016-09-03,2016-09-03,PIT,H,MIL,P,0,0,0,0,0,0,0,0,0,0,0,0,0,0,0,0,0.322,76,0.149,0.045,0.005,0.031,0.082,0.005,0.009,0.02,0.211,0.007,0.006,100.0,0.322,684,0.149,0.045,0.005,0.031,0.082,0.005,0.009,0.02,0.211,0.007,0.006,100.0,1
107,PIT-2016-09-06,2016-09-06,PIT,H,STL,P,0,0,0,0,0,0,0,0,0,0,0,0,0,0,0,0,0.322,76,0.149,0.045,0.005,0.031,0.082,0.005,0.009,0.02,0.211,0.007,0.006,100.0,0.322,684,0.149,0.045,0.005,0.031,0.082,0.005,0.009,0.02,0.211,0.007,0.006,100.0,1
108,PHI-2016-09-12,2016-09-12,PIT,A,PHI,P,0,0,0,0,0,0,0,0,0,0,0,0,0,0,0,0,0.322,76,0.149,0.045,0.005,0.031,0.082,0.005,0.009,0.02,0.211,0.007,0.006,100.0,0.322,684,0.149,0.045,0.005,0.031,0.082,0.005,0.009,0.02,0.211,0.007,0.006,100.0,1
109,PHI-2016-09-13,2016-09-13,PIT,A,PHI,P,0,0,0,0,0,0,0,0,0,0,0,0,0,0,0,0,0.322,76,0.149,0.045,0.005,0.031,0.082,0.005,0.009,0.02,0.211,0.007,0.006,100.0,0.322,684,0.149,0.045,0.005,0.031,0.082,0.005,0.009,0.02,0.211,0.007,0.006,100.0,1
110,CIN-2016-09-16,2016-09-16,PIT,A,CIN,P,0,0,0,0,0,0,0,0,0,0,0,0,0,0,0,0,0.322,76,0.149,0.045,0.005,0.031,0.082,0.005,0.009,0.02,0.211,0.007,0.006,100.0,0.322,684,0.149,0.045,0.005,0.031,0.082,0.005,0.009,0.02,0.211,0.007,0.006,100.0,1
111,CIN-2016-09-17,2016-09-17,PIT,A,CIN,P,0,0,0,0,0,0,0,0,0,0,0,0,0,0,0,0,0.322,76,0.149,0.045,0.005,0.031,0.082,0.005,0.009,0.02,0.211,0.007,0.006,100.0,0.322,684,0.149,0.045,0.005,0.031,0.082,0.005,0.009,0.02,0.211,0.007,0.006,100.0,1
112,MIL-2016-09-21,2016-09-21,PIT,A,MIL,P,0,0,0,0,0,0,0,0,0,0,0,0,0,0,0,0,0.322,76,0.149,0.045,0.005,0.031,0.082,0.005,0.009,0.02,0.211,0.007,0.006,100.0,0.322,684,0.149,0.045,0.005,0.031,0.082,0.005,0.009,0.02,0.211,0.007,0.006,100.0,1
113,PIT-2016-09-23,2016-09-23,PIT,H,WSN,P,0,0,0,0,0,0,0,0,0,0,0,0,0,0,0,0,0.322,76,0.149,0.045,0.005,0.031,0.082,0.005,0.009,0.02,0.211,0.007,0.006,100.0,0.322,684,0.149,0.045,0.005,0.031,0.082,0.005,0.009,0.02,0.211,0.007,0.006,100.0,1
114,PIT-2016-09-25,2016-09-25,PIT,H,WSN,P,0,0,0,0,0,0,0,0,0,0,0,0,0,0,0,0,0.322,76,0.149,0.045,0.005,0.031,0.082,0.005,0.009,0.02,0.211,0.007,0.006,100.0,0.322,684,0.149,0.045,0.005,0.031,0.082,0.005,0.009,0.02,0.211,0.007,0.006,100.0,1
115,PIT-2016-09-28,2016-09-28,PIT,H,CHC,P,0,0,0,0,0,0,0,0,0,0,0,0,0,0,0,0,0.322,76,0.149,0.045,0.005,0.031,0.082,0.005,0.009,0.02,0.211,0.007,0.006,100.0,0.322,684,0.149,0.045,0.005,0.031,0.082,0.005,0.009,0.02,0.211,0.007,0.006,100.0,1
116,STL-2016-10-01,2016-10-01,PIT,A,STL,P,0,0,0,0,0,0,0,0,0,0,0,0,0,0,0,0,0.322,76,0.149,0.045,0.005,0.031,0.082,0.005,0.009,0.02,0.211,0.007,0.006,100.0,0.322,684,0.149,0.045,0.005,0.031,0.082,0.005,0.009,0.02,0.211,0.007,0.006,100.0,1
117,PIT-2017-04-07,2017-04-07,PIT,H,ATL,P,0,0,0,0,0,0,0,0,0,0,0,0,0,0,0,0,0.325,76,0.145,0.045,0.004,0.033,0.085,0.005,0.009,0.02,0.216,0.006,0.005,100.0,0.325,686,0.145,0.045,0.004,0.033,0.085,0.005,0.009,0.02,0.216,0.006,0.005,100.0,1
118,PIT-2017-04-08,2017-04-08,PIT,H,ATL,P,0,0,0,0,0,0,0,0,0,0,0,0,0,0,0,0,0.325,76,0.145,0.045,0.004,0.033,0.085,0.005,0.009,0.02,0.216,0.006,0.005,100.0,0.325,686,0.145,0.045,0.004,0.033,0.085,0.005,0.009,0.02,0.216,0.006,0.005,100.0,1
119,PIT-2017-04-09,2017-04-09,PIT,H,ATL,P,0,0,0,0,0,0,0,0,0,0,0,0,0,0,0,0,0.325,76,0.145,0.045,0.004,0.033,0.085,0.005,0.009,0.02,0.216,0.006,0.005,100.0,0.325,686,0.145,0.045,0.004,0.033,0.085,0.005,0.009,0.02,0.216,0.006,0.005,100.0,1
120,PIT-2017-04-12,2017-04-12,PIT,H,CIN,P,0,0,0,0,0,0,0,0,0,0,0,0,0,0,0,0,0.325,76,0.145,0.045,0.004,0.033,0.085,0.005,0.009,0.02,0.216,0.006,0.005,100.0,0.325,686,0.145,0.045,0.004,0.033,0.085,0.005,0.009,0.02,0.216,0.006,0.005,100.0,1
121,CHC-2017-04-14,2017-04-14,PIT,A,CHC,P,0,0,0,0,0,0,0,0,0,0,0,0,0,0,0,0,0.325,76,0.145,0.045,0.004,0.033,0.085,0.005,0.009,0.02,0.216,0.006,0.005,100.0,0.325,686,0.145,0.045,0.004,0.033,0.085,0.005,0.009,0.02,0.216,0.006,0.005,100.0,1
122,CHC-2017-04-16,2017-04-16,PIT,A,CHC,P,0,0,0,0,0,0,0,0,0,0,0,0,0,0,0,0,0.325,76,0.145,0.045,0.004,0.033,0.085,0.005,0.009,0.02,0.216,0.006,0.005,100.0,0.325,686,0.145,0.045,0.004,0.033,0.085,0.005,0.009,0.02,0.216,0.006,0.005,100.0,1
123,STL-2017-04-19,2017-04-19,PIT,A,STL,P,0,0,0,0,0,0,0,0,0,0,0,0,0,0,0,0,0.325,76,0.145,0.045,0.004,0.033,0.085,0.005,0.009,0.02,0.216,0.006,0.005,100.0,0.325,686,0.145,0.045,0.004,0.033,0.085,0.005,0.009,0.02,0.216,0.006,0.005,100.0,1
124,PIT-2017-04-21,2017-04-21,PIT,H,NYY,P,0,0,0,0,0,0,0,0,0,0,0,0,0,0,0,0,0.325,76,0.145,0.045,0.004,0.033,0.085,0.005,0.009,0.02,0.216,0.006,0.005,100.0,0.325,686,0.145,0.045,0.004,0.033,0.085,0.005,0.009,0.02,0.216,0.006,0.005,100.0,1
125,PIT-2017-04-22,2017-04-22,PIT,H,NYY,P,0,0,0,0,0,0,0,0,0,0,0,0,0,0,0,0,0.325,76,0.145,0.045,0.004,0.033,0.085,0.005,0.009,0.02,0.216,0.006,0.005,100.0,0.325,686,0.145,0.045,0.004,0.033,0.085,0.005,0.009,0.02,0.216,0.006,0.005,100.0,1
126,PIT-2017-04-25,2017-04-25,PIT,H,CHC,P,0,0,0,0,0,0,0,0,0,0,0,0,0,0,0,0,0.325,76,0.145,0.045,0.004,0.033,0.085,0.005,0.009,0.02,0.216,0.006,0.005,100.0,0.325,686,0.145,0.045,0.004,0.033,0.085,0.005,0.009,0.02,0.216,0.006,0.005,100.0,1
127,PIT-2017-04-26,2017-04-26,PIT,H,CHC,P,0,0,0,0,0,0,0,0,0,0,0,0,0,0,0,0,0.325,76,0.145,0.045,0.004,0.033,0.085,0.005,0.009,0.02,0.216,0.006,0.005,100.0,0.325,686,0.145,0.045,0.004,0.033,0.085,0.005,0.009,0.02,0.216,0.006,0.005,100.0,1
128,MIA-2017-04-30,2017-04-30,PIT,A,MIA,P,0,0,0,0,0,0,0,0,0,0,0,0,0,0,0,0,0.325,76,0.145,0.045,0.004,0.033,0.085,0.005,0.009,0.02,0.216,0.006,0.005,100.0,0.325,686,0.145,0.045,0.004,0.033,0.085,0.005,0.009,0.02,0.216,0.006,0.005,100.0,1
129,CIN-2017-05-01,2017-05-01,PIT,A,CIN,P,0,0,0,0,0,0,0,0,0,0,0,0,0,0,0,0,0.325,76,0.145,0.045,0.004,0.033,0.085,0.005,0.009,0.02,0.216,0.006,0.005,100.0,0.325,686,0.145,0.045,0.004,0.033,0.085,0.005,0.009,0.02,0.216,0.006,0.005,100.0,1
130,PIT-2017-05-05,2017-05-05,PIT,H,MIL,P,0,0,0,0,0,0,0,0,0,0,0,0,0,0,0,0,0.325,76,0.145,0.045,0.004,0.033,0.085,0.005,0.009,0.02,0.216,0.006,0.005,100.0,0.325,686,0.145,0.045,0.004,0.033,0.085,0.005,0.009,0.02,0.216,0.006,0.005,100.0,1
131,PIT-2017-05-06,2017-05-06,PIT,H,MIL,P,0,0,0,0,0,0,0,0,0,0,0,0,0,0,0,0,0.325,76,0.145,0.045,0.004,0.033,0.085,0.005,0.009,0.02,0.216,0.006,0.005,100.0,0.325,686,0.145,0.045,0.004,0.033,0.085,0.005,0.009,0.02,0.216,0.006,0.005,100.0,1
132,LAD-2017-05-09,2017-05-09,PIT,A,LAD,P,0,0,0,0,0,0,0,0,0,0,0,0,0,0,0,0,0.325,76,0.145,0.045,0.004,0.033,0.085,0.005,0.009,0.02,0.216,0.006,0.005,100.0,0.325,686,0.145,0.045,0.004,0.033,0.085,0.005,0.009,0.02,0.216,0.006,0.005,100.0,1
133,ARI-2017-05-13,2017-05-13,PIT,A,ARI,P,0,0,0,0,0,0,0,0,0,0,0,0,0,0,0,0,0.325,76,0.145,0.045,0.004,0.033,0.085,0.005,0.009,0.02,0.216,0.006,0.005,100.0,0.325,686,0.145,0.045,0.004,0.033,0.085,0.005,0.009,0.02,0.216,0.006,0.005,100.0,1
134,PIT-2017-05-17,2017-05-17,PIT,H,WSN,P,0,0,0,0,0,0,0,0,0,0,0,0,0,0,0,0,0.325,76,0.145,0.045,0.004,0.033,0.085,0.005,0.009,0.02,0.216,0.006,0.005,100.0,0.325,686,0.145,0.045,0.004,0.033,0.085,0.005,0.009,0.02,0.216,0.006,0.005,100.0,1
135,PIT-2017-05-18,2017-05-18,PIT,H,WSN,P,0,0,0,0,0,0,0,0,0,0,0,0,0,0,0,0,0.325,76,0.145,0.045,0.004,0.033,0.085,0.005,0.009,0.02,0.216,0.006,0.005,100.0,0.325,686,0.145,0.045,0.004,0.033,0.085,0.005,0.009,0.02,0.216,0.006,0.005,100.0,1
136,PIT-2017-05-21,2017-05-21,PIT,H,PHI,P,0,0,0,0,0,0,0,0,0,0,0,0,0,0,0,0,0.325,76,0.145,0.045,0.004,0.033,0.085,0.005,0.009,0.02,0.216,0.006,0.005,100.0,0.325,686,0.145,0.045,0.004,0.033,0.085,0.005,0.009,0.02,0.216,0.006,0.005,100.0,1
137,ATL-2017-05-23,2017-05-23,PIT,A,ATL,P,0,0,0,0,0,0,0,0,0,0,0,0,0,0,0,0,0.325,76,0.145,0.045,0.004,0.033,0.085,0.005,0.009,0.02,0.216,0.006,0.005,100.0,0.325,686,0.145,0.045,0.004,0.033,0.085,0.005,0.009,0.02,0.216,0.006,0.005,100.0,1
138,ATL-2017-05-24,2017-05-24,PIT,A,ATL,P,0,0,0,0,0,0,0,0,0,0,0,0,0,0,0,0,0.325,76,0.145,0.045,0.004,0.033,0.085,0.005,0.009,0.02,0.216,0.006,0.005,100.0,0.325,686,0.145,0.045,0.004,0.033,0.085,0.005,0.009,0.02,0.216,0.006,0.005,100.0,1
139,PIT-2017-05-27,2017-05-27,PIT,H,NYM,P,0,0,0,0,0,0,0,0,0,0,0,0,0,0,0,0,0.325,76,0.145,0.045,0.004,0.033,0.085,0.005,0.009,0.02,0.216,0.006,0.005,100.0,0.325,686,0.145,0.045,0.004,0.033,0.085,0.005,0.009,0.02,0.216,0.006,0.005,100.0,1
140,PIT-2017-05-29,2017-05-29,PIT,H,ARI,P,0,0,0,0,0,0,0,0,0,0,0,0,0,0,0,0,0.325,76,0.145,0.045,0.004,0.033,0.085,0.005,0.009,0.02,0.216,0.006,0.005,100.0,0.325,686,0.145,0.045,0.004,0.033,0.085,0.005,0.009,0.02,0.216,0.006,0.005,100.0,1
141,PIT-2017-05-31,2017-05-31,PIT,H,ARI,P,0,0,0,0,0,0,0,0,0,0,0,0,0,0,0,0,0.325,76,0.145,0.045,0.004,0.033,0.085,0.005,0.009,0.02,0.216,0.006,0.005,100.0,0.325,686,0.145,0.045,0.004,0.033,0.085,0.005,0.009,0.02,0.216,0.006,0.005,100.0,1
142,NYM-2017-06-02,2017-06-02,PIT,A,NYM,P,0,0,0,0,0,0,0,0,0,0,0,0,0,0,0,0,0.325,76,0.145,0.045,0.004,0.033,0.085,0.005,0.009,0.02,0.216,0.006,0.005,100.0,0.325,686,0.145,0.045,0.004,0.033,0.085,0.005,0.009,0.02,0.216,0.006,0.005,100.0,1
143,PIT-2017-06-10,2017-06-10,PIT,H,MIA,P,0,0,0,0,0,0,0,0,0,0,0,0,0,0,0,0,0.325,76,0.145,0.045,0.004,0.033,0.085,0.005,0.009,0.02,0.216,0.006,0.005,100.0,0.325,686,0.145,0.045,0.004,0.033,0.085,0.005,0.009,0.02,0.216,0.006,0.005,100.0,1
144,PIT-2017-06-11,2017-06-11,PIT,H,MIA,P,0,0,0,0,0,0,0,0,0,0,0,0,0,0,0,0,0.325,76,0.145,0.045,0.004,0.033,0.085,0.005,0.009,0.02,0.216,0.006,0.005,100.0,0.325,686,0.145,0.045,0.004,0.033,0.085,0.005,0.009,0.02,0.216,0.006,0.005,100.0,1
145,PIT-2017-06-13,2017-06-13,PIT,H,COL,P,0,0,0,0,0,0,0,0,0,0,0,0,0,0,0,0,0.325,76,0.145,0.045,0.004,0.033,0.085,0.005,0.009,0.02,0.216,0.006,0.005,100.0,0.325,686,0.145,0.045,0.004,0.033,0.085,0.005,0.009,0.02,0.216,0.006,0.005,100.0,1
146,PIT-2017-06-16,2017-06-16,PIT,H,CHC,P,0,0,0,0,0,0,0,0,0,0,0,0,0,0,0,0,0.325,76,0.145,0.045,0.004,0.033,0.085,0.005,0.009,0.02,0.216,0.006,0.005,100.0,0.325,686,0.145,0.045,0.004,0.033,0.085,0.005,0.009,0.02,0.216,0.006,0.005,100.0,1
147,PIT-2017-06-17,2017-06-17,PIT,H,CHC,P,0,0,0,0,0,0,0,0,0,0,0,0,0,0,0,0,0.325,76,0.145,0.045,0.004,0.033,0.085,0.005,0.009,0.02,0.216,0.006,0.005,100.0,0.325,686,0.145,0.045,0.004,0.033,0.085,0.005,0.009,0.02,0.216,0.006,0.005,100.0,1
148,MIL-2017-06-20,2017-06-20,PIT,A,MIL,P,0,0,0,0,0,0,0,0,0,0,0,0,0,0,0,0,0.325,76,0.145,0.045,0.004,0.033,0.085,0.005,0.009,0.02,0.216,0.006,0.005,100.0,0.325,686,0.145,0.045,0.004,0.033,0.085,0.005,0.009,0.02,0.216,0.006,0.005,100.0,1
149,STL-2017-06-23,2017-06-23,PIT,A,STL,P,0,0,0,0,0,0,0,0,0,0,0,0,0,0,0,0,0.325,76,0.145,0.045,0.004,0.033,0.085,0.005,0.009,0.02,0.216,0.006,0.005,100.0,0.325,686,0.145,0.045,0.004,0.033,0.085,0.005,0.009,0.02,0.216,0.006,0.005,100.0,1
150,PIT-2017-06-27,2017-06-27,PIT,H,TBR,P,0,0,0,0,0,0,0,0,0,0,0,0,0,0,0,0,0.325,76,0.145,0.045,0.004,0.033,0.085,0.005,0.009,0.02,0.216,0.006,0.005,100.0,0.325,686,0.145,0.045,0.004,0.033,0.085,0.005,0.009,0.02,0.216,0.006,0.005,100.0,1
151,PIT-2017-06-28,2017-06-28,PIT,H,TBR,P,0,0,0,0,0,0,0,0,0,0,0,0,0,0,0,0,0.325,76,0.145,0.045,0.004,0.033,0.085,0.005,0.009,0.02,0.216,0.006,0.005,100.0,0.325,686,0.145,0.045,0.004,0.033,0.085,0.005,0.009,0.02,0.216,0.006,0.005,100.0,1
152,PIT-2017-07-01,2017-07-01,PIT,H,SFG,P,0,0,0,0,0,0,0,0,0,0,0,0,0,0,0,0,0.325,76,0.145,0.045,0.004,0.033,0.085,0.005,0.009,0.02,0.216,0.006,0.005,100.0,0.325,686,0.145,0.045,0.004,0.033,0.085,0.005,0.009,0.02,0.216,0.006,0.005,100.0,1
153,PHI-2017-07-04,2017-07-04,PIT,A,PHI,P,0,0,0,0,0,0,0,0,0,0,0,0,0,0,0,0,0.325,76,0.145,0.045,0.004,0.033,0.085,0.005,0.009,0.02,0.216,0.006,0.005,100.0,0.325,686,0.145,0.045,0.004,0.033,0.085,0.005,0.009,0.02,0.216,0.006,0.005,100.0,1
154,PHI-2017-07-05,2017-07-05,PIT,A,PHI,P,0,0,0,0,0,0,0,0,0,0,0,0,0,0,0,0,0.325,76,0.145,0.045,0.004,0.033,0.085,0.005,0.009,0.02,0.216,0.006,0.005,100.0,0.325,686,0.145,0.045,0.004,0.033,0.085,0.005,0.009,0.02,0.216,0.006,0.005,100.0,1
155,CHC-2017-07-08,2017-07-08,PIT,A,CHC,P,0,0,0,0,0,0,0,0,0,0,0,0,0,0,0,0,0.325,76,0.145,0.045,0.004,0.033,0.085,0.005,0.009,0.02,0.216,0.006,0.005,100.0,0.325,686,0.145,0.045,0.004,0.033,0.085,0.005,0.009,0.02,0.216,0.006,0.005,100.0,1
156,PIT-2017-07-14,2017-07-14,PIT,H,STL,P,0,0,0,0,0,0,0,0,0,0,0,0,0,0,0,0,0.325,76,0.145,0.045,0.004,0.033,0.085,0.005,0.009,0.02,0.216,0.006,0.005,100.0,0.325,686,0.145,0.045,0.004,0.033,0.085,0.005,0.009,0.02,0.216,0.006,0.005,100.0,1
157,PIT-2017-07-17,2017-07-17,PIT,H,MIL,P,0,0,0,0,0,0,0,0,0,0,0,0,0,0,0,0,0.325,76,0.145,0.045,0.004,0.033,0.085,0.005,0.009,0.02,0.216,0.006,0.005,100.0,0.325,686,0.145,0.045,0.004,0.033,0.085,0.005,0.009,0.02,0.216,0.006,0.005,100.0,1
158,PIT-2017-07-18,2017-07-18,PIT,H,MIL,P,0,0,0,0,0,0,0,0,0,0,0,0,0,0,0,0,0.325,76,0.145,0.045,0.004,0.033,0.085,0.005,0.009,0.02,0.216,0.006,0.005,100.0,0.325,686,0.145,0.045,0.004,0.033,0.085,0.005,0.009,0.02,0.216,0.006,0.005,100.0,1
159,PIT-2017-07-20,2017-07-20,PIT,H,MIL,P,0,0,0,0,0,0,0,0,0,0,0,0,0,0,0,0,0.325,76,0.145,0.045,0.004,0.033,0.085,0.005,0.009,0.02,0.216,0.006,0.005,100.0,0.325,686,0.145,0.045,0.004,0.033,0.085,0.005,0.009,0.02,0.216,0.006,0.005,100.0,1
160,SFG-2017-07-24,2017-07-24,PIT,A,SFG,P,0,0,0,0,0,0,0,0,0,0,0,0,0,0,0,0,0.325,76,0.145,0.045,0.004,0.033,0.085,0.005,0.009,0.02,0.216,0.006,0.005,100.0,0.325,686,0.145,0.045,0.004,0.033,0.085,0.005,0.009,0.02,0.216,0.006,0.005,100.0,1
161,SDP-2017-07-30,2017-07-30,PIT,A,SDP,P,0,0,0,0,0,0,0,0,0,0,0,0,0,0,0,0,0.325,76,0.145,0.045,0.004,0.033,0.085,0.005,0.009,0.02,0.216,0.006,0.005,100.0,0.325,686,0.145,0.045,0.004,0.033,0.085,0.005,0.009,0.02,0.216,0.006,0.005,100.0,1
162,PIT-2017-08-02,2017-08-02,PIT,H,CIN,P,0,0,0,0,0,0,0,0,0,0,0,0,0,0,0,0,0.325,76,0.145,0.045,0.004,0.033,0.085,0.005,0.009,0.02,0.216,0.006,0.005,100.0,0.325,686,0.145,0.045,0.004,0.033,0.085,0.005,0.009,0.02,0.216,0.006,0.005,100.0,1
163,PIT-2017-08-04,2017-08-04,PIT,H,SDP,P,0,0,0,0,0,0,0,0,0,0,0,0,0,0,0,0,0.325,76,0.145,0.045,0.004,0.033,0.085,0.005,0.009,0.02,0.216,0.006,0.005,100.0,0.325,686,0.145,0.045,0.004,0.033,0.085,0.005,0.009,0.02,0.216,0.006,0.005,100.0,1
164,PIT-2017-08-06,2017-08-06,PIT,H,SDP,P,0,0,0,0,0,0,0,0,0,0,0,0,0,0,0,0,0.325,76,0.145,0.045,0.004,0.033,0.085,0.005,0.009,0.02,0.216,0.006,0.005,100.0,0.325,686,0.145,0.045,0.004,0.033,0.085,0.005,0.009,0.02,0.216,0.006,0.005,100.0,1
165,PIT-2017-08-08,2017-08-08,PIT,H,DET,P,0,0,0,0,0,0,0,0,0,0,0,0,0,0,0,0,0.325,76,0.145,0.045,0.004,0.033,0.085,0.005,0.009,0.02,0.216,0.006,0.005,100.0,0.325,686,0.145,0.045,0.004,0.033,0.085,0.005,0.009,0.02,0.216,0.006,0.005,100.0,1
166,MIL-2017-08-16,2017-08-16,PIT,A,MIL,P,0,0,0,0,0,0,0,0,0,0,0,0,0,0,0,0,0.325,76,0.145,0.045,0.004,0.033,0.085,0.005,0.009,0.02,0.216,0.006,0.005,100.0,0.325,686,0.145,0.045,0.004,0.033,0.085,0.005,0.009,0.02,0.216,0.006,0.005,100.0,1
167,PIT-2017-08-19,2017-08-19,PIT,H,STL,P,0,0,0,0,0,0,0,0,0,0,0,0,0,0,0,0,0.325,76,0.145,0.045,0.004,0.033,0.085,0.005,0.009,0.02,0.216,0.006,0.005,100.0,0.325,686,0.145,0.045,0.004,0.033,0.085,0.005,0.009,0.02,0.216,0.006,0.005,100.0,1
168,PIT-2017-08-20,2017-08-20,PIT,H,STL,P,0,0,0,0,0,0,0,0,0,0,0,0,0,0,0,0,0.325,76,0.145,0.045,0.004,0.033,0.085,0.005,0.009,0.02,0.216,0.006,0.005,100.0,0.325,686,0.145,0.045,0.004,0.033,0.085,0.005,0.009,0.02,0.216,0.006,0.005,100.0,1
169,PIT-2017-08-23,2017-08-23,PIT,H,LAD,P,0,0,0,0,0,0,0,0,0,0,0,0,0,0,0,0,0.325,76,0.145,0.045,0.004,0.033,0.085,0.005,0.009,0.02,0.216,0.006,0.005,100.0,0.325,686,0.145,0.045,0.004,0.033,0.085,0.005,0.009,0.02,0.216,0.006,0.005,100.0,1
170,CIN-2017-08-26,2017-08-26,PIT,A,CIN,P,0,0,0,0,0,0,0,0,0,0,0,0,0,0,0,0,0.325,76,0.145,0.045,0.004,0.033,0.085,0.005,0.009,0.02,0.216,0.006,0.005,100.0,0.325,686,0.145,0.045,0.004,0.033,0.085,0.005,0.009,0.02,0.216,0.006,0.005,100.0,1
171,CIN-2017-08-27,2017-08-27,PIT,A,CIN,P,0,0,0,0,0,0,0,0,0,0,0,0,0,0,0,0,0.325,76,0.145,0.045,0.004,0.033,0.085,0.005,0.009,0.02,0.216,0.006,0.005,100.0,0.325,686,0.145,0.045,0.004,0.033,0.085,0.005,0.009,0.02,0.216,0.006,0.005,100.0,1
172,CHC-2017-08-30,2017-08-30,PIT,A,CHC,P,0,0,0,0,0,0,0,0,0,0,0,0,0,0,0,0,0.325,76,0.145,0.045,0.004,0.033,0.085,0.005,0.009,0.02,0.216,0.006,0.005,100.0,0.325,686,0.145,0.045,0.004,0.033,0.085,0.005,0.009,0.02,0.216,0.006,0.005,100.0,1
173,PIT-2017-09-02,2017-09-02,PIT,H,CIN,P,0,0,0,0,0,0,0,0,0,0,0,0,0,0,0,0,0.325,76,0.145,0.045,0.004,0.033,0.085,0.005,0.009,0.02,0.216,0.006,0.005,100.0,0.325,686,0.145,0.045,0.004,0.033,0.085,0.005,0.009,0.02,0.216,0.006,0.005,100.0,1
174,PIT-2017-09-03,2017-09-03,PIT,H,CIN,P,0,0,0,0,0,0,0,0,0,0,0,0,0,0,0,0,0.325,76,0.145,0.045,0.004,0.033,0.085,0.005,0.009,0.02,0.216,0.006,0.005,100.0,0.325,686,0.145,0.045,0.004,0.033,0.085,0.005,0.009,0.02,0.216,0.006,0.005,100.0,1
175,PIT-2017-09-05,2017-09-05,PIT,H,CHC,P,0,0,0,0,0,0,0,0,0,0,0,0,0,0,0,0,0.325,76,0.145,0.045,0.004,0.033,0.085,0.005,0.009,0.02,0.216,0.006,0.005,100.0,0.325,686,0.145,0.045,0.004,0.033,0.085,0.005,0.009,0.02,0.216,0.006,0.005,100.0,1
176,MIL-2017-09-11,2017-09-11,PIT,A,MIL,P,0,0,0,0,0,0,0,0,0,0,0,0,0,0,0,0,0.325,76,0.145,0.045,0.004,0.033,0.085,0.005,0.009,0.02,0.216,0.006,0.005,100.0,0.325,686,0.145,0.045,0.004,0.033,0.085,0.005,0.009,0.02,0.216,0.006,0.005,100.0,1
177,CIN-2017-09-15,2017-09-15,PIT,A,CIN,P,0,0,0,0,0,0,0,0,0,0,0,0,0,0,0,0,0.325,76,0.145,0.045,0.004,0.033,0.085,0.005,0.009,0.02,0.216,0.006,0.005,100.0,0.325,686,0.145,0.045,0.004,0.033,0.085,0.005,0.009,0.02,0.216,0.006,0.005,100.0,1
178,PIT-2017-09-20,2017-09-20,PIT,H,MIL,P,0,0,0,0,0,0,0,0,0,0,0,0,0,0,0,0,0.325,76,0.145,0.045,0.004,0.033,0.085,0.005,0.009,0.02,0.216,0.006,0.005,100.0,0.325,686,0.145,0.045,0.004,0.033,0.085,0.005,0.009,0.02,0.216,0.006,0.005,100.0,1
179,PIT-2017-09-22,2017-09-22,PIT,H,STL,P,0,0,0,0,0,0,0,0,0,0,0,0,0,0,0,0,0.325,76,0.145,0.045,0.004,0.033,0.085,0.005,0.009,0.02,0.216,0.006,0.005,100.0,0.325,686,0.145,0.045,0.004,0.033,0.085,0.005,0.009,0.02,0.216,0.006,0.005,100.0,1
180,PIT-2017-09-24,2017-09-24,PIT,H,STL,P,0,0,0,0,0,0,0,0,0,0,0,0,0,0,0,0,0.325,76,0.145,0.045,0.004,0.033,0.085,0.005,0.009,0.02,0.216,0.006,0.005,100.0,0.325,686,0.145,0.045,0.004,0.033,0.085,0.005,0.009,0.02,0.216,0.006,0.005,100.0,1
181,PIT-2017-09-27,2017-09-27,PIT,H,BAL,P,0,0,0,0,0,0,0,0,0,0,0,0,0,0,0,0,0.325,76,0.145,0.045,0.004,0.033,0.085,0.005,0.009,0.02,0.216,0.006,0.005,100.0,0.325,686,0.145,0.045,0.004,0.033,0.085,0.005,0.009,0.02,0.216,0.006,0.005,100.0,1
182,WSN-2017-09-30,2017-09-30,PIT,A,WSN,P,0,0,0,0,0,0,0,0,0,0,0,0,0,0,0,0,0.325,76,0.145,0.045,0.004,0.033,0.085,0.005,0.009,0.02,0.216,0.006,0.005,100.0,0.325,686,0.145,0.045,0.004,0.033,0.085,0.005,0.009,0.02,0.216,0.006,0.005,100.0,1
183,PIT-2018-04-05,2018-04-05,PIT,H,CIN,P,0,0,0,0,0,0,0,0,0,0,0,0,0,0,0,0,0.318,76,0.142,0.045,0.004,0.03,0.085,0.005,0.011,0.019,0.223,0.007,0.004,100.0,0.318,685,0.142,0.045,0.004,0.03,0.085,0.005,0.011,0.019,0.223,0.007,0.004,100.0,1
184,CHC-2018-04-10,2018-04-10,PIT,A,CHC,P,0,0,0,0,0,0,0,0,0,0,0,0,0,0,0,0,0.318,76,0.142,0.045,0.004,0.03,0.085,0.005,0.011,0.019,0.223,0.007,0.004,100.0,0.318,685,0.142,0.045,0.004,0.03,0.085,0.005,0.011,0.019,0.223,0.007,0.004,100.0,1
185,CHC-2018-04-12,2018-04-12,PIT,A,CHC,P,0,0,0,0,0,0,0,0,0,0,0,0,0,0,0,0,0.318,76,0.142,0.045,0.004,0.03,0.085,0.005,0.011,0.019,0.223,0.007,0.004,100.0,0.318,685,0.142,0.045,0.004,0.03,0.085,0.005,0.011,0.019,0.223,0.007,0.004,100.0,1
186,MIA-2018-04-14,2018-04-14,PIT,A,MIA,P,0,0,0,0,0,0,0,0,0,0,0,0,0,0,0,0,0.318,76,0.142,0.045,0.004,0.03,0.085,0.005,0.011,0.019,0.223,0.007,0.004,100.0,0.318,685,0.142,0.045,0.004,0.03,0.085,0.005,0.011,0.019,0.223,0.007,0.004,100.0,1
187,MIA-2018-04-15,2018-04-15,PIT,A,MIA,P,0,0,0,0,0,0,0,0,0,0,0,0,0,0,0,0,0.318,76,0.142,0.045,0.004,0.03,0.085,0.005,0.011,0.019,0.223,0.007,0.004,100.0,0.318,685,0.142,0.045,0.004,0.03,0.085,0.005,0.011,0.019,0.223,0.007,0.004,100.0,1
188,PHI-2018-04-21,2018-04-21,PIT,A,PHI,P,0,0,0,0,0,0,0,0,0,0,0,0,0,0,0,0,0.318,76,0.142,0.045,0.004,0.03,0.085,0.005,0.011,0.019,0.223,0.007,0.004,100.0,0.318,685,0.142,0.045,0.004,0.03,0.085,0.005,0.011,0.019,0.223,0.007,0.004,100.0,1
189,PIT-2018-04-25,2018-04-25,PIT,H,DET,P,0,0,0,0,0,0,0,0,0,0,0,0,0,0,0,0,0.318,76,0.142,0.045,0.004,0.03,0.085,0.005,0.011,0.019,0.223,0.007,0.004,100.0,0.318,685,0.142,0.045,0.004,0.03,0.085,0.005,0.011,0.019,0.223,0.007,0.004,100.0,1
190,PIT-2018-04-26,2018-04-26,PIT,H,DET,P,0,0,0,0,0,0,0,0,0,0,0,0,0,0,0,0,0.318,76,0.142,0.045,0.004,0.03,0.085,0.005,0.011,0.019,0.223,0.007,0.004,100.0,0.318,685,0.142,0.045,0.004,0.03,0.085,0.005,0.011,0.019,0.223,0.007,0.004,100.0,1
191,PIT-2018-04-27,2018-04-27,PIT,H,STL,P,0,0,0,0,0,0,0,0,0,0,0,0,0,0,0,0,0.318,76,0.142,0.045,0.004,0.03,0.085,0.005,0.011,0.019,0.223,0.007,0.004,100.0,0.318,685,0.142,0.045,0.004,0.03,0.085,0.005,0.011,0.019,0.223,0.007,0.004,100.0,1
192,MIL-2018-05-04,2018-05-04,PIT,A,MIL,P,0,0,0,0,0,0,0,0,0,0,0,0,0,0,0,0,0.318,76,0.142,0.045,0.004,0.03,0.085,0.005,0.011,0.019,0.223,0.007,0.004,100.0,0.318,685,0.142,0.045,0.004,0.03,0.085,0.005,0.011,0.019,0.223,0.007,0.004,100.0,1
193,PIT-2018-05-12,2018-05-12,PIT,H,SFG,P,0,0,0,0,0,0,0,0,0,0,0,0,0,0,0,0,0.318,76,0.142,0.045,0.004,0.03,0.085,0.005,0.011,0.019,0.223,0.007,0.004,100.0,0.318,685,0.142,0.045,0.004,0.03,0.085,0.005,0.011,0.019,0.223,0.007,0.004,100.0,1
194,PIT-2018-05-16,2018-05-16,PIT,H,CHW,P,0,0,0,0,0,0,0,0,0,0,0,0,0,0,0,0,0.318,76,0.142,0.045,0.004,0.03,0.085,0.005,0.011,0.019,0.223,0.007,0.004,100.0,0.318,685,0.142,0.045,0.004,0.03,0.085,0.005,0.011,0.019,0.223,0.007,0.004,100.0,1
195,PIT-2018-05-17,2018-05-17,PIT,H,SDP,P,0,0,0,0,0,0,0,0,0,0,0,0,0,0,0,0,0.318,76,0.142,0.045,0.004,0.03,0.085,0.005,0.011,0.019,0.223,0.007,0.004,100.0,0.318,685,0.142,0.045,0.004,0.03,0.085,0.005,0.011,0.019,0.223,0.007,0.004,100.0,1
196,PIT-2018-05-20,2018-05-20,PIT,H,SDP,P,0,0,0,0,0,0,0,0,0,0,0,0,0,0,0,0,0.318,76,0.142,0.045,0.004,0.03,0.085,0.005,0.011,0.019,0.223,0.007,0.004,100.0,0.318,685,0.142,0.045,0.004,0.03,0.085,0.005,0.011,0.019,0.223,0.007,0.004,100.0,1
197,CIN-2018-05-23,2018-05-23,PIT,A,CIN,P,0,0,0,0,0,0,0,0,0,0,0,0,0,0,0,0,0.318,76,0.142,0.045,0.004,0.03,0.085,0.005,0.011,0.019,0.223,0.007,0.004,100.0,0.318,685,0.142,0.045,0.004,0.03,0.085,0.005,0.011,0.019,0.223,0.007,0.004,100.0,1
198,PIT-2018-05-27,2018-05-27,PIT,H,STL,P,0,0,0,0,0,0,0,0,0,0,0,0,0,0,0,0,0.318,76,0.142,0.045,0.004,0.03,0.085,0.005,0.011,0.019,0.223,0.007,0.004,100.0,0.318,685,0.142,0.045,0.004,0.03,0.085,0.005,0.011,0.019,0.223,0.007,0.004,100.0,1
199,PIT-2018-05-29,2018-05-29,PIT,H,CHC,P,0,0,0,0,0,0,0,0,0,0,0,0,0,0,0,0,0.318,76,0.142,0.045,0.004,0.03,0.085,0.005,0.011,0.019,0.223,0.007,0.004,100.0,0.318,685,0.142,0.045,0.004,0.03,0.085,0.005,0.011,0.019,0.223,0.007,0.004,100.0,1
200,PIT-2018-05-30,2018-05-30,PIT,H,CHC,P,0,0,0,0,0,0,0,0,0,0,0,0,0,0,0,0,0.318,76,0.142,0.045,0.004,0.03,0.085,0.005,0.011,0.019,0.223,0.007,0.004,100.0,0.318,685,0.142,0.045,0.004,0.03,0.085,0.005,0.011,0.019,0.223,0.007,0.004,100.0,1
201,STL-2018-05-31,2018-05-31,PIT,A,STL,P,0,0,0,0,0,0,0,0,0,0,0,0,0,0,0,0,0.318,76,0.142,0.045,0.004,0.03,0.085,0.005,0.011,0.019,0.223,0.007,0.004,100.0,0.318,685,0.142,0.045,0.004,0.03,0.085,0.005,0.011,0.019,0.223,0.007,0.004,100.0,1
202,PIT-2018-06-05,2018-06-05,PIT,H,LAD,P,0,0,0,0,0,0,0,0,0,0,0,0,0,0,0,0,0.318,76,0.142,0.045,0.004,0.03,0.085,0.005,0.011,0.019,0.223,0.007,0.004,100.0,0.318,685,0.142,0.045,0.004,0.03,0.085,0.005,0.011,0.019,0.223,0.007,0.004,100.0,1
203,PIT-2018-06-06,2018-06-06,PIT,H,LAD,P,0,0,0,0,0,0,0,0,0,0,0,0,0,0,0,0,0.318,76,0.142,0.045,0.004,0.03,0.085,0.005,0.011,0.019,0.223,0.007,0.004,100.0,0.318,685,0.142,0.045,0.004,0.03,0.085,0.005,0.011,0.019,0.223,0.007,0.004,100.0,1
204,CHC-2018-06-10,2018-06-10,PIT,A,CHC,P,0,0,0,0,0,0,0,0,0,0,0,0,0,0,0,0,0.318,76,0.142,0.045,0.004,0.03,0.085,0.005,0.011,0.019,0.223,0.007,0.004,100.0,0.318,685,0.142,0.045,0.004,0.03,0.085,0.005,0.011,0.019,0.223,0.007,0.004,100.0,1
205,ARI-2018-06-13,2018-06-13,PIT,A,ARI,P,0,0,0,0,0,0,0,0,0,0,0,0,0,0,0,0,0.318,76,0.142,0.045,0.004,0.03,0.085,0.005,0.011,0.019,0.223,0.007,0.004,100.0,0.318,685,0.142,0.045,0.004,0.03,0.085,0.005,0.011,0.019,0.223,0.007,0.004,100.0,1
206,PIT-2018-06-15,2018-06-15,PIT,H,CIN,P,0,0,0,0,0,0,0,0,0,0,0,0,0,0,0,0,0.318,76,0.142,0.045,0.004,0.03,0.085,0.005,0.011,0.019,0.223,0.007,0.004,100.0,0.318,685,0.142,0.045,0.004,0.03,0.085,0.005,0.011,0.019,0.223,0.007,0.004,100.0,1
207,PIT-2018-06-18,2018-06-18,PIT,H,MIL,P,0,0,0,0,0,0,0,0,0,0,0,0,0,0,0,0,0.318,76,0.142,0.045,0.004,0.03,0.085,0.005,0.011,0.019,0.223,0.007,0.004,100.0,0.318,685,0.142,0.045,0.004,0.03,0.085,0.005,0.011,0.019,0.223,0.007,0.004,100.0,1
208,PIT-2018-06-22,2018-06-22,PIT,H,ARI,P,0,0,0,0,0,0,0,0,0,0,0,0,0,0,0,0,0.318,76,0.142,0.045,0.004,0.03,0.085,0.005,0.011,0.019,0.223,0.007,0.004,100.0,0.318,685,0.142,0.045,0.004,0.03,0.085,0.005,0.011,0.019,0.223,0.007,0.004,100.0,1
209,NYM-2018-06-25,2018-06-25,PIT,A,NYM,P,0,0,0,0,0,0,0,0,0,0,0,0,0,0,0,0,0.318,76,0.142,0.045,0.004,0.03,0.085,0.005,0.011,0.019,0.223,0.007,0.004,100.0,0.318,685,0.142,0.045,0.004,0.03,0.085,0.005,0.011,0.019,0.223,0.007,0.004,100.0,1
210,NYM-2018-06-27,2018-06-27,PIT,A,NYM,P,1,1,0,0,0,0,0,0,0,0,1,0,0,0,0,95,0.318,76,0.142,0.045,0.004,0.03,0.085,0.005,0.011,0.019,0.223,0.007,0.004,100.0,0.318,685,0.142,0.045,0.004,0.03,0.085,0.005,0.011,0.019,0.223,0.007,0.004,100.0,1
211,SDP-2018-06-29,2018-06-29,PIT,A,SDP,P,0,0,0,0,0,0,0,0,0,0,0,0,0,0,0,0,0.318,76,0.142,0.045,0.004,0.03,0.085,0.005,0.011,0.019,0.223,0.007,0.004,100.0,0.318,685,0.142,0.045,0.004,0.03,0.085,0.005,0.011,0.019,0.223,0.007,0.004,100.0,1
212,SDP-2018-07-01,2018-07-01,PIT,A,SDP,P,0,0,0,0,0,0,0,0,0,0,0,0,0,0,0,0,0.318,76,0.142,0.045,0.004,0.03,0.085,0.005,0.011,0.019,0.223,0.007,0.004,100.0,0.318,685,0.142,0.045,0.004,0.03,0.085,0.005,0.011,0.019,0.223,0.007,0.004,100.0,1
213,LAD-2018-07-03,2018-07-03,PIT,A,LAD,P,0,0,0,0,0,0,0,0,0,0,0,0,0,0,0,0,0.318,76,0.142,0.045,0.004,0.03,0.085,0.005,0.011,0.019,0.223,0.007,0.004,100.0,0.318,685,0.142,0.045,0.004,0.03,0.085,0.005,0.011,0.019,0.223,0.007,0.004,100.0,1
214,PIT-2018-07-07,2018-07-07,PIT,H,PHI,P,0,0,0,0,0,0,0,0,0,0,0,0,0,0,0,0,0.318,76,0.142,0.045,0.004,0.03,0.085,0.005,0.011,0.019,0.223,0.007,0.004,100.0,0.318,685,0.142,0.045,0.004,0.03,0.085,0.005,0.011,0.019,0.223,0.007,0.004,100.0,1
215,PIT-2018-07-08,2018-07-08,PIT,H,PHI,P,0,0,0,0,0,0,0,0,0,0,0,0,0,0,0,0,0.318,76,0.142,0.045,0.004,0.03,0.085,0.005,0.011,0.019,0.223,0.007,0.004,100.0,0.318,685,0.142,0.045,0.004,0.03,0.085,0.005,0.011,0.019,0.223,0.007,0.004,100.0,1
216,PIT-2018-07-09,2018-07-09,PIT,H,WSN,P,0,0,0,0,0,0,0,0,0,0,0,0,0,0,0,0,0.318,76,0.142,0.045,0.004,0.03,0.085,0.005,0.011,0.019,0.223,0.007,0.004,100.0,0.318,685,0.142,0.045,0.004,0.03,0.085,0.005,0.011,0.019,0.223,0.007,0.004,100.0,1
217,PIT-2018-07-11,2018-07-11,PIT,H,WSN,P,0,0,0,0,0,0,0,0,0,0,0,0,0,0,0,0,0.318,76,0.142,0.045,0.004,0.03,0.085,0.005,0.011,0.019,0.223,0.007,0.004,100.0,0.318,685,0.142,0.045,0.004,0.03,0.085,0.005,0.011,0.019,0.223,0.007,0.004,100.0,1
218,PIT-2018-07-12,2018-07-12,PIT,H,MIL,P,0,0,0,0,0,0,0,0,0,0,0,0,0,0,0,0,0.318,76,0.142,0.045,0.004,0.03,0.085,0.005,0.011,0.019,0.223,0.007,0.004,100.0,0.318,685,0.142,0.045,0.004,0.03,0.085,0.005,0.011,0.019,0.223,0.007,0.004,100.0,1
219,PIT-2018-07-14,2018-07-14,PIT,H,MIL,P,0,0,0,0,0,0,0,0,0,0,0,0,0,0,0,0,0.318,76,0.142,0.045,0.004,0.03,0.085,0.005,0.011,0.019,0.223,0.007,0.004,100.0,0.318,685,0.142,0.045,0.004,0.03,0.085,0.005,0.011,0.019,0.223,0.007,0.004,100.0,1
220,PIT-2018-07-14,2018-07-14,PIT,H,MIL,P,0,0,0,0,0,0,0,0,0,0,0,0,0,0,0,0,0.318,76,0.142,0.045,0.004,0.03,0.085,0.005,0.011,0.019,0.223,0.007,0.004,100.0,0.318,685,0.142,0.045,0.004,0.03,0.085,0.005,0.011,0.019,0.223,0.007,0.004,100.0,1
221,PIT-2018-07-14,2018-07-14,PIT,H,MIL,P,0,0,0,0,0,0,0,0,0,0,0,0,0,0,0,0,0.318,76,0.142,0.045,0.004,0.03,0.085,0.005,0.011,0.019,0.223,0.007,0.004,100.0,0.318,685,0.142,0.045,0.004,0.03,0.085,0.005,0.011,0.019,0.223,0.007,0.004,100.0,1
222,PIT-2018-07-14,2018-07-14,PIT,H,MIL,P,0,0,0,0,0,0,0,0,0,0,0,0,0,0,0,0,0.318,76,0.142,0.045,0.004,0.03,0.085,0.005,0.011,0.019,0.223,0.007,0.004,100.0,0.318,685,0.142,0.045,0.004,0.03,0.085,0.005,0.011,0.019,0.223,0.007,0.004,100.0,1
223,PIT-2018-07-14,2018-07-14,PIT,H,MIL,P,0,0,0,0,0,0,0,0,0,0,0,0,0,0,0,0,0.318,76,0.142,0.045,0.004,0.03,0.085,0.005,0.011,0.019,0.223,0.007,0.004,100.0,0.318,685,0.142,0.045,0.004,0.03,0.085,0.005,0.011,0.019,0.223,0.007,0.004,100.0,1
224,PIT-2018-07-14,2018-07-14,PIT,H,MIL,P,0,0,0,0,0,0,0,0,0,0,0,0,0,0,0,0,0.318,76,0.142,0.045,0.004,0.03,0.085,0.005,0.011,0.019,0.223,0.007,0.004,100.0,0.318,685,0.142,0.045,0.004,0.03,0.085,0.005,0.011,0.019,0.223,0.007,0.004,100.0,1
225,PIT-2018-07-14,2018-07-14,PIT,H,MIL,P,0,0,0,0,0,0,0,0,0,0,0,0,0,0,0,0,0.318,76,0.142,0.045,0.004,0.03,0.085,0.005,0.011,0.019,0.223,0.007,0.004,100.0,0.318,685,0.142,0.045,0.004,0.03,0.085,0.005,0.011,0.019,0.223,0.007,0.004,100.0,1
226,PIT-2018-07-14,2018-07-14,PIT,H,MIL,P,0,0,0,0,0,0,0,0,0,0,0,0,0,0,0,0,0.318,76,0.142,0.045,0.004,0.03,0.085,0.005,0.011,0.019,0.223,0.007,0.004,100.0,0.318,685,0.142,0.045,0.004,0.03,0.085,0.005,0.011,0.019,0.223,0.007,0.004,100.0,1
227,PIT-2018-07-14,2018-07-14,PIT,H,MIL,P,0,0,0,0,0,0,0,0,0,0,0,0,0,0,0,0,0.318,76,0.142,0.045,0.004,0.03,0.085,0.005,0.011,0.019,0.223,0.007,0.004,100.0,0.318,685,0.142,0.045,0.004,0.03,0.085,0.005,0.011,0.019,0.223,0.007,0.004,100.0,1
228,PIT-2018-07-14,2018-07-14,PIT,H,MIL,P,0,0,0,0,0,0,0,0,0,0,0,0,0,0,0,0,0.318,76,0.142,0.045,0.004,0.03,0.085,0.005,0.011,0.019,0.223,0.007,0.004,100.0,0.318,685,0.142,0.045,0.004,0.03,0.085,0.005,0.011,0.019,0.223,0.007,0.004,100.0,1
229,PIT-2018-07-14,2018-07-14,PIT,H,MIL,P,0,0,0,0,0,0,0,0,0,0,0,0,0,0,0,0,0.318,76,0.142,0.045,0.004,0.03,0.085,0.005,0.011,0.019,0.223,0.007,0.004,100.0,0.318,685,0.142,0.045,0.004,0.03,0.085,0.005,0.011,0.019,0.223,0.007,0.004,100.0,1
230,PIT-2018-07-14,2018-07-14,PIT,H,MIL,P,0,0,0,0,0,0,0,0,0,0,0,0,0,0,0,0,0.318,76,0.142,0.045,0.004,0.03,0.085,0.005,0.011,0.019,0.223,0.007,0.004,100.0,0.318,685,0.142,0.045,0.004,0.03,0.085,0.005,0.011,0.019,0.223,0.007,0.004,100.0,1
231,PIT-2018-07-14,2018-07-14,PIT,H,MIL,P,0,0,0,0,0,0,0,0,0,0,0,0,0,0,0,0,0.318,76,0.142,0.045,0.004,0.03,0.085,0.005,0.011,0.019,0.223,0.007,0.004,100.0,0.318,685,0.142,0.045,0.004,0.03,0.085,0.005,0.011,0.019,0.223,0.007,0.004,100.0,1
232,PIT-2018-07-14,2018-07-14,PIT,H,MIL,P,0,0,0,0,0,0,0,0,0,0,0,0,0,0,0,0,0.318,76,0.142,0.045,0.004,0.03,0.085,0.005,0.011,0.019,0.223,0.007,0.004,100.0,0.318,685,0.142,0.045,0.004,0.03,0.085,0.005,0.011,0.019,0.223,0.007,0.004,100.0,1
233,PIT-2018-07-14,2018-07-14,PIT,H,MIL,P,0,0,0,0,0,0,0,0,0,0,0,0,0,0,0,0,0.318,76,0.142,0.045,0.004,0.03,0.085,0.005,0.011,0.019,0.223,0.007,0.004,100.0,0.318,685,0.142,0.045,0.004,0.03,0.085,0.005,0.011,0.019,0.223,0.007,0.004,100.0,1
234,PIT-2018-07-14,2018-07-14,PIT,H,MIL,P,0,0,0,0,0,0,0,0,0,0,0,0,0,0,0,0,0.318,76,0.142,0.045,0.004,0.03,0.085,0.005,0.011,0.019,0.223,0.007,0.004,100.0,0.318,685,0.142,0.045,0.004,0.03,0.085,0.005,0.011,0.019,0.223,0.007,0.004,100.0,1
235,CIN-2018-07-21,2018-07-21,PIT,A,CIN,P,0,0,0,0,0,0,0,0,0,0,0,0,0,0,0,0,0.318,76,0.142,0.045,0.004,0.03,0.085,0.005,0.011,0.019,0.223,0.007,0.004,100.0,0.318,685,0.142,0.045,0.004,0.03,0.085,0.005,0.011,0.019,0.223,0.007,0.004,100.0,1
236,PIT-2018-07-27,2018-07-27,PIT,H,NYM,P,0,0,0,0,0,0,0,0,0,0,0,0,0,0,0,0,0.318,76,0.142,0.045,0.004,0.03,0.085,0.005,0.011,0.019,0.223,0.007,0.004,100.0,0.318,685,0.142,0.045,0.004,0.03,0.085,0.005,0.011,0.019,0.223,0.007,0.004,100.0,1
237,PIT-2018-07-29,2018-07-29,PIT,H,NYM,P,0,0,0,0,0,0,0,0,0,0,0,0,0,0,0,0,0.318,76,0.142,0.045,0.004,0.03,0.085,0.005,0.011,0.019,0.223,0.007,0.004,100.0,0.318,685,0.142,0.045,0.004,0.03,0.085,0.005,0.011,0.019,0.223,0.007,0.004,100.0,1
238,PIT-2018-07-31,2018-07-31,PIT,H,CHC,P,0,0,0,0,0,0,0,0,0,0,0,0,0,0,0,0,0.318,76,0.142,0.045,0.004,0.03,0.085,0.005,0.011,0.019,0.223,0.007,0.004,100.0,0.318,685,0.142,0.045,0.004,0.03,0.085,0.005,0.011,0.019,0.223,0.007,0.004,100.0,1
239,PIT-2018-08-03,2018-08-03,PIT,H,STL,P,0,0,0,0,0,0,0,0,0,0,0,0,0,0,0,0,0.318,76,0.142,0.045,0.004,0.03,0.085,0.005,0.011,0.019,0.223,0.007,0.004,100.0,0.318,685,0.142,0.045,0.004,0.03,0.085,0.005,0.011,0.019,0.223,0.007,0.004,100.0,1
240,COL-2018-08-08,2018-08-08,PIT,A,COL,P,0,0,0,0,0,0,0,0,0,0,0,0,0,0,0,0,0.318,76,0.142,0.045,0.004,0.03,0.085,0.005,0.011,0.019,0.223,0.007,0.004,100.0,0.318,685,0.142,0.045,0.004,0.03,0.085,0.005,0.011,0.019,0.223,0.007,0.004,100.0,1
241,SFG-2018-08-11,2018-08-11,PIT,A,SFG,P,0,0,0,0,0,0,0,0,0,0,0,0,0,0,0,0,0.318,76,0.142,0.045,0.004,0.03,0.085,0.005,0.011,0.019,0.223,0.007,0.004,100.0,0.318,685,0.142,0.045,0.004,0.03,0.085,0.005,0.011,0.019,0.223,0.007,0.004,100.0,1
242,PIT-2018-08-16,2018-08-16,PIT,H,CHC,P,0,0,0,0,0,0,0,0,0,0,0,0,0,0,0,0,0.318,76,0.142,0.045,0.004,0.03,0.085,0.005,0.011,0.019,0.223,0.007,0.004,100.0,0.318,685,0.142,0.045,0.004,0.03,0.085,0.005,0.011,0.019,0.223,0.007,0.004,100.0,1
243,PIT-2018-08-18,2018-08-18,PIT,H,CHC,P,0,0,0,0,0,0,0,0,0,0,0,0,0,0,0,0,0.318,76,0.142,0.045,0.004,0.03,0.085,0.005,0.011,0.019,0.223,0.007,0.004,100.0,0.318,685,0.142,0.045,0.004,0.03,0.085,0.005,0.011,0.019,0.223,0.007,0.004,100.0,1
244,PIT-2018-08-19,2018-08-19,PIT,H,CHC,P,0,0,0,0,0,0,0,0,0,0,0,0,0,0,0,0,0.318,76,0.142,0.045,0.004,0.03,0.085,0.005,0.011,0.019,0.223,0.007,0.004,100.0,0.318,685,0.142,0.045,0.004,0.03,0.085,0.005,0.011,0.019,0.223,0.007,0.004,100.0,1
245,PIT-2018-08-22,2018-08-22,PIT,H,ATL,P,0,0,0,0,0,0,0,0,0,0,0,0,0,0,0,0,0.318,76,0.142,0.045,0.004,0.03,0.085,0.005,0.011,0.019,0.223,0.007,0.004,100.0,0.318,685,0.142,0.045,0.004,0.03,0.085,0.005,0.011,0.019,0.223,0.007,0.004,100.0,1
246,MIL-2018-08-24,2018-08-24,PIT,A,MIL,P,0,0,0,0,0,0,0,0,0,0,0,0,0,0,0,0,0.318,76,0.142,0.045,0.004,0.03,0.085,0.005,0.011,0.019,0.223,0.007,0.004,100.0,0.318,685,0.142,0.045,0.004,0.03,0.085,0.005,0.011,0.019,0.223,0.007,0.004,100.0,1
247,STL-2018-08-29,2018-08-29,PIT,A,STL,P,0,0,0,0,0,0,0,0,0,0,0,0,0,0,0,0,0.318,76,0.142,0.045,0.004,0.03,0.085,0.005,0.011,0.019,0.223,0.007,0.004,100.0,0.318,685,0.142,0.045,0.004,0.03,0.085,0.005,0.011,0.019,0.223,0.007,0.004,100.0,1
248,ATL-2018-08-31,2018-08-31,PIT,A,ATL,P,0,0,0,0,0,0,0,0,0,0,0,0,0,0,0,0,0.318,76,0.142,0.045,0.004,0.03,0.085,0.005,0.011,0.019,0.223,0.007,0.004,100.0,0.318,685,0.142,0.045,0.004,0.03,0.085,0.005,0.011,0.019,0.223,0.007,0.004,100.0,1
249,PIT-2018-09-04,2018-09-04,PIT,H,CIN,P,0,0,0,0,0,0,0,0,0,0,0,0,0,0,0,0,0.318,76,0.142,0.045,0.004,0.03,0.085,0.005,0.011,0.019,0.223,0.007,0.004,100.0,0.318,685,0.142,0.045,0.004,0.03,0.085,0.005,0.011,0.019,0.223,0.007,0.004,100.0,1
250,PIT-2018-09-05,2018-09-05,PIT,H,CIN,P,0,0,0,0,0,0,0,0,0,0,0,0,0,0,0,0,0.318,76,0.142,0.045,0.004,0.03,0.085,0.005,0.011,0.019,0.223,0.007,0.004,100.0,0.318,685,0.142,0.045,0.004,0.03,0.085,0.005,0.011,0.019,0.223,0.007,0.004,100.0,1
251,PIT-2018-09-07,2018-09-07,PIT,H,MIA,P,0,0,0,0,0,0,0,0,0,0,0,0,0,0,0,0,0.318,76,0.142,0.045,0.004,0.03,0.085,0.005,0.011,0.019,0.223,0.007,0.004,100.0,0.318,685,0.142,0.045,0.004,0.03,0.085,0.005,0.011,0.019,0.223,0.007,0.004,100.0,1
252,STL-2018-09-12,2018-09-12,PIT,A,STL,P,0,0,0,0,0,0,0,0,0,0,0,0,0,0,0,0,0.318,76,0.142,0.045,0.004,0.03,0.085,0.005,0.011,0.019,0.223,0.007,0.004,100.0,0.318,685,0.142,0.045,0.004,0.03,0.085,0.005,0.011,0.019,0.223,0.007,0.004,100.0,1
253,MIL-2018-09-15,2018-09-15,PIT,A,MIL,P,0,0,0,0,0,0,0,0,0,0,0,0,0,0,0,0,0.318,76,0.142,0.045,0.004,0.03,0.085,0.005,0.011,0.019,0.223,0.007,0.004,100.0,0.318,685,0.142,0.045,0.004,0.03,0.085,0.005,0.011,0.019,0.223,0.007,0.004,100.0,1
254,MIL-2018-09-16,2018-09-16,PIT,A,MIL,P,0,0,0,0,0,0,0,0,0,0,0,0,0,0,0,0,0.318,76,0.142,0.045,0.004,0.03,0.085,0.005,0.011,0.019,0.223,0.007,0.004,100.0,0.318,685,0.142,0.045,0.004,0.03,0.085,0.005,0.011,0.019,0.223,0.007,0.004,100.0,1
255,PIT-2018-09-18,2018-09-18,PIT,H,KCR,P,0,0,0,0,0,0,0,0,0,0,0,0,0,0,0,0,0.318,76,0.142,0.045,0.004,0.03,0.085,0.005,0.011,0.019,0.223,0.007,0.004,100.0,0.318,685,0.142,0.045,0.004,0.03,0.085,0.005,0.011,0.019,0.223,0.007,0.004,100.0,1
256,PIT-2018-09-19,2018-09-19,PIT,H,KCR,P,0,0,0,0,0,0,0,0,0,0,0,0,0,0,0,0,0.318,76,0.142,0.045,0.004,0.03,0.085,0.005,0.011,0.019,0.223,0.007,0.004,100.0,0.318,685,0.142,0.045,0.004,0.03,0.085,0.005,0.011,0.019,0.223,0.007,0.004,100.0,1
257,PIT-2018-09-22,2018-09-22,PIT,H,MIL,P,0,0,0,0,0,0,0,0,0,0,0,0,0,0,0,0,0.318,76,0.142,0.045,0.004,0.03,0.085,0.005,0.011,0.019,0.223,0.007,0.004,100.0,0.318,685,0.142,0.045,0.004,0.03,0.085,0.005,0.011,0.019,0.223,0.007,0.004,100.0,1
258,CHC-2018-09-24,2018-09-24,PIT,A,CHC,P,0,0,0,0,0,0,0,0,0,0,0,0,0,0,0,0,0.318,76,0.142,0.045,0.004,0.03,0.085,0.005,0.011,0.019,0.223,0.007,0.004,100.0,0.318,685,0.142,0.045,0.004,0.03,0.085,0.005,0.011,0.019,0.223,0.007,0.004,100.0,1
259,CIN-2018-09-29,2018-09-29,PIT,A,CIN,P,0,0,0,0,0,0,0,0,0,0,0,0,0,0,0,0,0.318,76,0.142,0.045,0.004,0.03,0.085,0.005,0.011,0.019,0.223,0.007,0.004,100.0,0.318,685,0.142,0.045,0.004,0.03,0.085,0.005,0.011,0.019,0.223,0.007,0.004,100.0,1
260,CIN-2018-09-30,2018-09-30,PIT,A,CIN,P,0,0,0,0,0,0,0,0,0,0,0,0,0,0,0,0,0.318,76,0.142,0.045,0.004,0.03,0.085,0.005,0.011,0.019,0.223,0.007,0.004,100.0,0.318,685,0.142,0.045,0.004,0.03,0.085,0.005,0.011,0.019,0.223,0.007,0.004,100.0,1
261,CIN-2019-03-31,2019-03-31,PIT,A,CIN,P,0,0,0,0,0,0,0,0,0,0,0,0,0,0,0,0,0.323,77,0.139,0.046,0.004,0.036,0.085,0.004,0.011,0.018,0.229,0.006,0.004,100.0,0.323,691,0.139,0.046,0.004,0.036,0.085,0.004,0.011,0.018,0.229,0.006,0.004,100.0,1
262,PIT-2019-04-01,2019-04-01,PIT,H,STL,P,0,0,0,0,0,0,0,0,0,0,0,0,0,0,0,0,0.323,77,0.139,0.046,0.004,0.036,0.085,0.004,0.011,0.018,0.229,0.006,0.004,100.0,0.323,691,0.139,0.046,0.004,0.036,0.085,0.004,0.011,0.018,0.229,0.006,0.004,100.0,1
263,PIT-2019-04-04,2019-04-04,PIT,H,CIN,P,0,0,0,0,0,0,0,0,0,0,0,0,0,0,0,0,0.323,77,0.139,0.046,0.004,0.036,0.085,0.004,0.011,0.018,0.229,0.006,0.004,100.0,0.323,691,0.139,0.046,0.004,0.036,0.085,0.004,0.011,0.018,0.229,0.006,0.004,100.0,1
264,PIT-2019-04-05,2019-04-05,PIT,H,CIN,P,0,0,0,0,0,0,0,0,0,0,0,0,0,0,0,0,0.323,77,0.139,0.046,0.004,0.036,0.085,0.004,0.011,0.018,0.229,0.006,0.004,100.0,0.323,691,0.139,0.046,0.004,0.036,0.085,0.004,0.011,0.018,0.229,0.006,0.004,100.0,1
265,CHC-2019-04-10,2019-04-10,PIT,A,CHC,P,0,0,0,0,0,0,0,0,0,0,0,0,0,0,0,0,0.323,77,0.139,0.046,0.004,0.036,0.085,0.004,0.011,0.018,0.229,0.006,0.004,100.0,0.323,691,0.139,0.046,0.004,0.036,0.085,0.004,0.011,0.018,0.229,0.006,0.004,100.0,1
266,WSN-2019-04-12,2019-04-12,PIT,A,WSN,P,0,0,0,0,0,0,0,0,0,0,0,0,0,0,0,0,0.323,77,0.139,0.046,0.004,0.036,0.085,0.004,0.011,0.018,0.229,0.006,0.004,100.0,0.323,691,0.139,0.046,0.004,0.036,0.085,0.004,0.011,0.018,0.229,0.006,0.004,100.0,1
267,WSN-2019-04-14,2019-04-14,PIT,A,WSN,P,1,1,0,0,0,0,0,0,0,0,0,0,0,0,0,101,0.323,77,0.139,0.046,0.004,0.036,0.085,0.004,0.011,0.018,0.229,0.006,0.004,100.0,0.323,691,0.139,0.046,0.004,0.036,0.085,0.004,0.011,0.018,0.229,0.006,0.004,100.0,1
268,PIT-2019-04-19,2019-04-19,PIT,H,SFG,P,0,0,0,0,0,0,0,0,0,0,0,0,0,0,0,0,0.323,77,0.139,0.046,0.004,0.036,0.085,0.004,0.011,0.018,0.229,0.006,0.004,100.0,0.323,691,0.139,0.046,0.004,0.036,0.085,0.004,0.011,0.018,0.229,0.006,0.004,100.0,1
269,LAD-2019-04-26,2019-04-26,PIT,A,LAD,P,0,0,0,0,0,0,0,0,0,0,0,0,0,0,0,0,0.323,77,0.139,0.046,0.004,0.036,0.085,0.004,0.011,0.018,0.229,0.006,0.004,100.0,0.323,691,0.139,0.046,0.004,0.036,0.085,0.004,0.011,0.018,0.229,0.006,0.004,100.0,1
270,PIT-2019-05-04,2019-05-04,PIT,H,OAK,P,0,0,0,0,0,0,0,0,0,0,0,0,0,0,0,0,0.323,77,0.139,0.046,0.004,0.036,0.085,0.004,0.011,0.018,0.229,0.006,0.004,100.0,0.323,691,0.139,0.046,0.004,0.036,0.085,0.004,0.011,0.018,0.229,0.006,0.004,100.0,1
271,PIT-2019-05-05,2019-05-05,PIT,H,OAK,P,0,0,0,0,0,0,0,0,0,0,0,0,0,0,0,0,0.323,77,0.139,0.046,0.004,0.036,0.085,0.004,0.011,0.018,0.229,0.006,0.004,100.0,0.323,691,0.139,0.046,0.004,0.036,0.085,0.004,0.011,0.018,0.229,0.006,0.004,100.0,1
272,PIT-2019-05-07,2019-05-07,PIT,H,TEX,P,0,0,0,0,0,0,0,0,0,0,0,0,0,0,0,0,0.323,77,0.139,0.046,0.004,0.036,0.085,0.004,0.011,0.018,0.229,0.006,0.004,100.0,0.323,691,0.139,0.046,0.004,0.036,0.085,0.004,0.011,0.018,0.229,0.006,0.004,100.0,1
273,STL-2019-05-10,2019-05-10,PIT,A,STL,P,0,0,0,0,0,0,0,0,0,0,0,0,0,0,0,0,0.323,77,0.139,0.046,0.004,0.036,0.085,0.004,0.011,0.018,0.229,0.006,0.004,100.0,0.323,691,0.139,0.046,0.004,0.036,0.085,0.004,0.011,0.018,0.229,0.006,0.004,100.0,1
274,STL-2019-05-11,2019-05-11,PIT,A,STL,P,0,0,0,0,0,0,0,0,0,0,0,0,0,0,0,0,0.323,77,0.139,0.046,0.004,0.036,0.085,0.004,0.011,0.018,0.229,0.006,0.004,100.0,0.323,691,0.139,0.046,0.004,0.036,0.085,0.004,0.011,0.018,0.229,0.006,0.004,100.0,1
275,SDP-2019-05-16,2019-05-16,PIT,A,SDP,P,0,0,0,0,0,0,0,0,0,0,0,0,0,0,0,0,0.323,77,0.139,0.046,0.004,0.036,0.085,0.004,0.011,0.018,0.229,0.006,0.004,100.0,0.323,691,0.139,0.046,0.004,0.036,0.085,0.004,0.011,0.018,0.229,0.006,0.004,100.0,1
276,SDP-2019-05-17,2019-05-17,PIT,A,SDP,P,0,0,0,0,0,0,0,0,0,0,0,0,0,0,0,0,0.323,77,0.139,0.046,0.004,0.036,0.085,0.004,0.011,0.018,0.229,0.006,0.004,100.0,0.323,691,0.139,0.046,0.004,0.036,0.085,0.004,0.011,0.018,0.229,0.006,0.004,100.0,1
277,SDP-2019-05-19,2019-05-19,PIT,A,SDP,P,0,0,0,0,0,0,0,0,0,0,0,0,0,0,0,0,0.323,77,0.139,0.046,0.004,0.036,0.085,0.004,0.011,0.018,0.229,0.006,0.004,100.0,0.323,691,0.139,0.046,0.004,0.036,0.085,0.004,0.011,0.018,0.229,0.006,0.004,100.0,1
278,CIN-2019-05-27,2019-05-27,PIT,A,CIN,P,0,0,0,0,0,0,0,0,0,0,0,0,0,0,0,0,0.323,77,0.139,0.046,0.004,0.036,0.085,0.004,0.011,0.018,0.229,0.006,0.004,100.0,0.323,691,0.139,0.046,0.004,0.036,0.085,0.004,0.011,0.018,0.229,0.006,0.004,100.0,1
279,PIT-2019-05-31,2019-05-31,PIT,H,MIL,P,0,0,0,0,0,0,0,0,0,0,0,0,0,0,0,0,0.323,77,0.139,0.046,0.004,0.036,0.085,0.004,0.011,0.018,0.229,0.006,0.004,100.0,0.323,691,0.139,0.046,0.004,0.036,0.085,0.004,0.011,0.018,0.229,0.006,0.004,100.0,1
280,PIT-2019-06-01,2019-06-01,PIT,H,MIL,P,0,0,0,0,0,0,0,0,0,0,0,0,0,0,0,0,0.323,77,0.139,0.046,0.004,0.036,0.085,0.004,0.011,0.018,0.229,0.006,0.004,100.0,0.323,691,0.139,0.046,0.004,0.036,0.085,0.004,0.011,0.018,0.229,0.006,0.004,100.0,1
281,PIT-2019-06-05,2019-06-05,PIT,H,ATL,P,0,0,0,0,0,0,0,0,0,0,0,0,0,0,0,0,0.323,77,0.139,0.046,0.004,0.036,0.085,0.004,0.011,0.018,0.229,0.006,0.004,100.0,0.323,691,0.139,0.046,0.004,0.036,0.085,0.004,0.011,0.018,0.229,0.006,0.004,100.0,1
282,PIT-2019-06-06,2019-06-06,PIT,H,ATL,P,0,0,0,0,0,0,0,0,0,0,0,0,0,0,0,0,0.323,77,0.139,0.046,0.004,0.036,0.085,0.004,0.011,0.018,0.229,0.006,0.004,100.0,0.323,691,0.139,0.046,0.004,0.036,0.085,0.004,0.011,0.018,0.229,0.006,0.004,100.0,1
283,ATL-2019-06-12,2019-06-12,PIT,A,ATL,P,0,0,0,0,0,0,0,0,0,0,0,0,0,0,0,0,0.323,77,0.139,0.046,0.004,0.036,0.085,0.004,0.011,0.018,0.229,0.006,0.004,100.0,0.323,691,0.139,0.046,0.004,0.036,0.085,0.004,0.011,0.018,0.229,0.006,0.004,100.0,1
284,MIA-2019-06-16,2019-06-16,PIT,A,MIA,P,0,0,0,0,0,0,0,0,0,0,0,0,0,0,0,0,0.323,77,0.139,0.046,0.004,0.036,0.085,0.004,0.011,0.018,0.229,0.006,0.004,100.0,0.323,691,0.139,0.046,0.004,0.036,0.085,0.004,0.011,0.018,0.229,0.006,0.004,100.0,1
285,PIT-2019-06-19,2019-06-19,PIT,H,DET,P,0,0,0,0,0,0,0,0,0,0,0,0,0,0,0,0,0.323,77,0.139,0.046,0.004,0.036,0.085,0.004,0.011,0.018,0.229,0.006,0.004,100.0,0.323,691,0.139,0.046,0.004,0.036,0.085,0.004,0.011,0.018,0.229,0.006,0.004,100.0,1
286,PIT-2019-06-21,2019-06-21,PIT,H,SDP,P,0,0,0,0,0,0,0,0,0,0,0,0,0,0,0,0,0.323,77,0.139,0.046,0.004,0.036,0.085,0.004,0.011,0.018,0.229,0.006,0.004,100.0,0.323,691,0.139,0.046,0.004,0.036,0.085,0.004,0.011,0.018,0.229,0.006,0.004,100.0,1
287,PIT-2019-06-22,2019-06-22,PIT,H,SDP,P,0,0,0,0,0,0,0,0,0,0,0,0,0,0,0,0,0.323,77,0.139,0.046,0.004,0.036,0.085,0.004,0.011,0.018,0.229,0.006,0.004,100.0,0.323,691,0.139,0.046,0.004,0.036,0.085,0.004,0.011,0.018,0.229,0.006,0.004,100.0,1
288,PIT-2019-06-23,2019-06-23,PIT,H,SDP,P,0,0,0,0,0,0,0,0,0,0,0,0,0,0,0,0,0.323,77,0.139,0.046,0.004,0.036,0.085,0.004,0.011,0.018,0.229,0.006,0.004,100.0,0.323,691,0.139,0.046,0.004,0.036,0.085,0.004,0.011,0.018,0.229,0.006,0.004,100.0,1
289,MIL-2019-06-28,2019-06-28,PIT,A,MIL,P,0,0,0,0,0,0,0,0,0,0,0,0,0,0,0,0,0.323,77,0.139,0.046,0.004,0.036,0.085,0.004,0.011,0.018,0.229,0.006,0.004,100.0,0.323,691,0.139,0.046,0.004,0.036,0.085,0.004,0.011,0.018,0.229,0.006,0.004,100.0,1
290,PIT-2019-07-02,2019-07-02,PIT,H,CHC,P,0,0,0,0,0,0,0,0,0,0,0,0,0,0,0,0,0.323,77,0.139,0.046,0.004,0.036,0.085,0.004,0.011,0.018,0.229,0.006,0.004,100.0,0.323,691,0.139,0.046,0.004,0.036,0.085,0.004,0.011,0.018,0.229,0.006,0.004,100.0,1
291,PIT-2019-07-05,2019-07-05,PIT,H,MIL,P,0,0,0,0,0,0,0,0,0,0,0,0,0,0,0,0,0.323,77,0.139,0.046,0.004,0.036,0.085,0.004,0.011,0.018,0.229,0.006,0.004,100.0,0.323,691,0.139,0.046,0.004,0.036,0.085,0.004,0.011,0.018,0.229,0.006,0.004,100.0,1
292,PIT-2019-07-07,2019-07-07,PIT,H,MIL,P,0,0,0,0,0,0,0,0,0,0,0,0,0,0,0,0,0.323,77,0.139,0.046,0.004,0.036,0.085,0.004,0.011,0.018,0.229,0.006,0.004,100.0,0.323,691,0.139,0.046,0.004,0.036,0.085,0.004,0.011,0.018,0.229,0.006,0.004,100.0,1
293,CHC-2019-07-14,2019-07-14,PIT,A,CHC,P,0,0,0,0,0,0,0,0,0,0,0,0,0,0,0,0,0.323,77,0.139,0.046,0.004,0.036,0.085,0.004,0.011,0.018,0.229,0.006,0.004,100.0,0.323,691,0.139,0.046,0.004,0.036,0.085,0.004,0.011,0.018,0.229,0.006,0.004,100.0,1
294,STL-2019-07-16,2019-07-16,PIT,A,STL,P,0,0,0,0,0,0,0,0,0,0,0,0,0,0,0,0,0.323,77,0.139,0.046,0.004,0.036,0.085,0.004,0.011,0.018,0.229,0.006,0.004,100.0,0.323,691,0.139,0.046,0.004,0.036,0.085,0.004,0.011,0.018,0.229,0.006,0.004,100.0,1
295,PIT-2019-07-20,2019-07-20,PIT,H,PHI,P,0,0,0,0,0,0,0,0,0,0,0,0,0,0,0,0,0.323,77,0.139,0.046,0.004,0.036,0.085,0.004,0.011,0.018,0.229,0.006,0.004,100.0,0.323,691,0.139,0.046,0.004,0.036,0.085,0.004,0.011,0.018,0.229,0.006,0.004,100.0,1
296,PIT-2019-07-21,2019-07-21,PIT,H,PHI,P,0,0,0,0,0,0,0,0,0,0,0,0,0,0,0,0,0.323,77,0.139,0.046,0.004,0.036,0.085,0.004,0.011,0.018,0.229,0.006,0.004,100.0,0.323,691,0.139,0.046,0.004,0.036,0.085,0.004,0.011,0.018,0.229,0.006,0.004,100.0,1
297,PIT-2019-07-25,2019-07-25,PIT,H,STL,P,0,0,0,0,0,0,0,0,0,0,0,0,0,0,0,0,0.323,77,0.139,0.046,0.004,0.036,0.085,0.004,0.011,0.018,0.229,0.006,0.004,100.0,0.323,691,0.139,0.046,0.004,0.036,0.085,0.004,0.011,0.018,0.229,0.006,0.004,100.0,1
298,PIT-2019-08-02,2019-08-02,PIT,H,NYM,P,0,0,0,0,0,0,0,0,0,0,0,0,0,0,0,0,0.323,77,0.139,0.046,0.004,0.036,0.085,0.004,0.011,0.018,0.229,0.006,0.004,100.0,0.323,691,0.139,0.046,0.004,0.036,0.085,0.004,0.011,0.018,0.229,0.006,0.004,100.0,1
299,PIT-2019-08-07,2019-08-07,PIT,H,MIL,P,0,0,0,0,0,0,0,0,0,0,0,0,0,0,0,0,0.323,77,0.139,0.046,0.004,0.036,0.085,0.004,0.011,0.018,0.229,0.006,0.004,100.0,0.323,691,0.139,0.046,0.004,0.036,0.085,0.004,0.011,0.018,0.229,0.006,0.004,100.0,1
300,PIT-2019-08-16,2019-08-16,PIT,H,CHC,P,0,0,0,0,0,0,0,0,0,0,0,0,0,0,0,0,0.323,77,0.139,0.046,0.004,0.036,0.085,0.004,0.011,0.018,0.229,0.006,0.004,100.0,0.323,691,0.139,0.046,0.004,0.036,0.085,0.004,0.011,0.018,0.229,0.006,0.004,100.0,1
301,PIT-2019-08-20,2019-08-20,PIT,H,WSN,P,1,1,0,0,0,0,0,0,0,0,0,0,0,0,0,99,0.323,77,0.139,0.046,0.004,0.036,0.085,0.004,0.011,0.018,0.229,0.006,0.004,100.0,0.323,691,0.139,0.046,0.004,0.036,0.085,0.004,0.011,0.018,0.229,0.006,0.004,100.0,1
302,PIT-2019-08-23,2019-08-23,PIT,H,CIN,P,0,0,0,0,0,0,0,0,0,0,0,0,0,0,0,0,0.323,77,0.139,0.046,0.004,0.036,0.085,0.004,0.011,0.018,0.229,0.006,0.004,100.0,0.323,691,0.139,0.046,0.004,0.036,0.085,0.004,0.011,0.018,0.229,0.006,0.004,100.0,1
303,PIT-2019-08-25,2019-08-25,PIT,H,CIN,P,0,0,0,0,0,0,0,0,0,0,0,0,0,0,0,0,0.323,77,0.139,0.046,0.004,0.036,0.085,0.004,0.011,0.018,0.229,0.006,0.004,100.0,0.323,691,0.139,0.046,0.004,0.036,0.085,0.004,0.011,0.018,0.229,0.006,0.004,100.0,1
304,PHI-2019-08-27,2019-08-27,PIT,A,PHI,P,0,0,0,0,0,0,0,0,0,0,0,0,0,0,0,0,0.323,77,0.139,0.046,0.004,0.036,0.085,0.004,0.011,0.018,0.229,0.006,0.004,100.0,0.323,691,0.139,0.046,0.004,0.036,0.085,0.004,0.011,0.018,0.229,0.006,0.004,100.0,1
305,COL-2019-08-29,2019-08-29,PIT,A,COL,P,0,0,0,0,0,0,0,0,0,0,0,0,0,0,0,0,0.323,77,0.139,0.046,0.004,0.036,0.085,0.004,0.011,0.018,0.229,0.006,0.004,100.0,0.323,691,0.139,0.046,0.004,0.036,0.085,0.004,0.011,0.018,0.229,0.006,0.004,100.0,1
306,COL-2019-09-01,2019-09-01,PIT,A,COL,P,0,0,0,0,0,0,0,0,0,0,0,0,0,0,0,0,0.323,77,0.139,0.046,0.004,0.036,0.085,0.004,0.011,0.018,0.229,0.006,0.004,100.0,0.323,691,0.139,0.046,0.004,0.036,0.085,0.004,0.011,0.018,0.229,0.006,0.004,100.0,1
307,PIT-2019-09-03,2019-09-03,PIT,H,MIA,P,0,0,0,0,0,0,0,0,0,0,0,0,0,0,0,0,0.323,77,0.139,0.046,0.004,0.036,0.085,0.004,0.011,0.018,0.229,0.006,0.004,100.0,0.323,691,0.139,0.046,0.004,0.036,0.085,0.004,0.011,0.018,0.229,0.006,0.004,100.0,1
308,PIT-2019-09-06,2019-09-06,PIT,H,STL,P,0,0,0,0,0,0,0,0,0,0,0,0,0,0,0,0,0.323,77,0.139,0.046,0.004,0.036,0.085,0.004,0.011,0.018,0.229,0.006,0.004,100.0,0.323,691,0.139,0.046,0.004,0.036,0.085,0.004,0.011,0.018,0.229,0.006,0.004,100.0,1
309,SFG-2019-09-09,2019-09-09,PIT,A,SFG,P,0,0,0,0,0,0,0,0,0,0,0,0,0,0,0,0,0.323,77,0.139,0.046,0.004,0.036,0.085,0.004,0.011,0.018,0.229,0.006,0.004,100.0,0.323,691,0.139,0.046,0.004,0.036,0.085,0.004,0.011,0.018,0.229,0.006,0.004,100.0,1
310,SFG-2019-09-11,2019-09-11,PIT,A,SFG,P,0,0,0,0,0,0,0,0,0,0,0,0,0,0,0,0,0.323,77,0.139,0.046,0.004,0.036,0.085,0.004,0.011,0.018,0.229,0.006,0.004,100.0,0.323,691,0.139,0.046,0.004,0.036,0.085,0.004,0.011,0.018,0.229,0.006,0.004,100.0,1
311,SFG-2019-09-12,2019-09-12,PIT,A,SFG,P,0,0,0,0,0,0,0,0,0,0,0,0,0,0,0,0,0.323,77,0.139,0.046,0.004,0.036,0.085,0.004,0.011,0.018,0.229,0.006,0.004,100.0,0.323,691,0.139,0.046,0.004,0.036,0.085,0.004,0.011,0.018,0.229,0.006,0.004,100.0,1
