,game_id,game_code,date,venue_id,opp_id,home
0,380548,PHI-2014-03-31,2014-03-31,13,140,0
1,380559,PHI-2014-04-01,2014-04-01,13,140,0
2,380572,PHI-2014-04-02,2014-04-02,13,140,0
3,380598,PHI-2014-04-04,2014-04-04,17,112,0
4,380613,PHI-2014-04-05,2014-04-05,17,112,0
5,380628,PHI-2014-04-06,2014-04-06,17,112,0
6,380638,PHI-2014-04-07,2014-04-07,2681,158,1
7,380638,PHI-2014-04-08,2014-04-08,2681,158,1
8,380664,PHI-2014-04-09,2014-04-09,2681,158,1
9,380676,PHI-2014-04-10,2014-04-10,2681,158,1
10,380688,PHI-2014-04-11,2014-04-11,2681,146,1
11,380703,PHI-2014-04-12,2014-04-12,2681,146,1
12,380718,PHI-2014-04-13,2014-04-13,2681,146,1
13,380725,PHI-2014-04-14,2014-04-14,2681,144,1
14,380734,PHI-2014-04-15,2014-04-15,2681,144,1
15,380749,PHI-2014-04-16,2014-04-16,2681,144,1
16,380764,PHI-2014-04-17,2014-04-17,2681,144,1
17,380785,PHI-2014-04-18,2014-04-18,19,115,0
18,380800,PHI-2014-04-19,2014-04-19,19,115,0
19,380815,PHI-2014-04-20,2014-04-20,19,115,0
20,380828,PHI-2014-04-21,2014-04-21,22,119,0
21,380843,PHI-2014-04-22,2014-04-22,22,119,0
22,380858,PHI-2014-04-23,2014-04-23,22,119,0
23,380871,PHI-2014-04-24,2014-04-24,22,119,0
24,380884,PHI-2014-04-25,2014-04-25,15,109,0
25,380899,PHI-2014-04-26,2014-04-26,15,109,0
26,380914,PHI-2014-04-27,2014-04-27,15,109,0
27,380933,PHI-2014-04-29,2014-04-29,2681,121,1
28,380948,PHI-2014-04-30,2014-04-30,2681,121,1
29,380977,PHI-2014-05-02,2014-05-02,2681,120,1
30,380992,PHI-2014-05-03,2014-05-03,2681,120,1
31,381007,PHI-2014-05-04,2014-05-04,2681,120,1
32,381020,PHI-2014-05-05,2014-05-05,2681,141,1
33,381035,PHI-2014-05-06,2014-05-06,2681,141,1
34,381047,PHI-2014-05-07,2014-05-07,14,141,0
35,381058,PHI-2014-05-08,2014-05-08,14,141,0
36,381071,PHI-2014-05-09,2014-05-09,3289,121,0
37,381086,PHI-2014-05-10,2014-05-10,3289,121,0
38,381101,PHI-2014-05-11,2014-05-11,3289,121,0
39,381115,PHI-2014-05-13,2014-05-13,2681,108,1
40,381130,PHI-2014-05-14,2014-05-14,2681,108,1
41,381157,PHI-2014-05-16,2014-05-16,2681,113,1
42,381172,PHI-2014-05-17,2014-05-17,2681,113,1
43,381187,PHI-2014-05-18,2014-05-18,2681,113,1
44,381215,PHI-2014-05-20,2014-05-20,4169,146,0
45,381230,PHI-2014-05-21,2014-05-21,4169,146,0
46,381242,PHI-2014-05-22,2014-05-22,4169,146,0
47,381254,PHI-2014-05-23,2014-05-23,2681,119,1
48,381269,PHI-2014-05-24,2014-05-24,2681,119,1
49,381284,PHI-2014-05-25,2014-05-25,2681,119,1
50,381298,PHI-2014-05-26,2014-05-26,2681,115,1
51,381313,PHI-2014-05-27,2014-05-27,2681,115,1
52,381328,PHI-2014-05-28,2014-05-28,2681,115,1
53,381343,PHI-2014-05-29,2014-05-29,2681,121,1
54,381356,PHI-2014-05-30,2014-05-30,2681,121,1
55,381371,PHI-2014-05-31,2014-05-31,2681,121,1
56,381386,PHI-2014-06-01,2014-06-01,2681,121,1
57,380948,PHI-2014-06-02,2014-06-02,2681,121,1
58,381407,PHI-2014-06-03,2014-06-03,3309,120,0
59,381422,PHI-2014-06-04,2014-06-04,3309,120,0
60,381435,PHI-2014-06-05,2014-06-05,3309,120,0
61,381450,PHI-2014-06-06,2014-06-06,2602,113,0
62,381465,PHI-2014-06-07,2014-06-07,2602,113,0
63,381480,PHI-2014-06-08,2014-06-08,2602,113,0
64,381508,PHI-2014-06-10,2014-06-10,2681,135,1
65,381523,PHI-2014-06-11,2014-06-11,2681,135,1
66,381534,PHI-2014-06-12,2014-06-12,2681,135,1
67,381539,PHI-2014-06-13,2014-06-13,2681,112,1
68,381554,PHI-2014-06-14,2014-06-14,2681,112,1
69,381569,PHI-2014-06-15,2014-06-15,2681,112,1
70,381590,PHI-2014-06-16,2014-06-16,16,144,0
71,381603,PHI-2014-06-17,2014-06-17,16,144,0
72,381618,PHI-2014-06-18,2014-06-18,16,144,0
73,381631,PHI-2014-06-19,2014-06-19,2889,138,0
74,381643,PHI-2014-06-20,2014-06-20,2889,138,0
75,381658,PHI-2014-06-21,2014-06-21,2889,138,0
76,381673,PHI-2014-06-22,2014-06-22,2889,138,0
77,381684,PHI-2014-06-23,2014-06-23,2681,146,1
78,381698,PHI-2014-06-24,2014-06-24,2681,146,1
79,381713,PHI-2014-06-25,2014-06-25,2681,146,1
80,381726,PHI-2014-06-26,2014-06-26,2681,146,1
81,381732,PHI-2014-06-27,2014-06-27,2681,144,1
82,381747,PHI-2014-06-28,2014-06-28,2681,144,1
83,380734,PHI-2014-06-28,2014-06-28,2681,144,1
84,381762,PHI-2014-06-29,2014-06-29,2681,144,1
85,381796,PHI-2014-07-01,2014-07-01,4169,146,0
86,381811,PHI-2014-07-02,2014-07-02,4169,146,0
87,381820,PHI-2014-07-03,2014-07-03,4169,146,0
88,381834,PHI-2014-07-04,2014-07-04,31,134,0
89,381849,PHI-2014-07-05,2014-07-05,31,134,0
90,381864,PHI-2014-07-06,2014-07-06,31,134,0
91,381879,PHI-2014-07-07,2014-07-07,32,158,0
92,381894,PHI-2014-07-08,2014-07-08,32,158,0
93,381909,PHI-2014-07-09,2014-07-09,32,158,0
94,381922,PHI-2014-07-10,2014-07-10,32,158,0
95,381940,PHI-2014-07-11,2014-07-11,2681,120,1
96,381955,PHI-2014-07-12,2014-07-12,2681,120,1
97,381970,PHI-2014-07-13,2014-07-13,2681,120,1
98,381982,PHI-2014-07-18,2014-07-18,16,144,0
99,381997,PHI-2014-07-19,2014-07-19,16,144,0
100,382012,PHI-2014-07-20,2014-07-20,16,144,0
101,382026,PHI-2014-07-21,2014-07-21,2681,137,1
102,382040,PHI-2014-07-22,2014-07-22,2681,137,1
103,382055,PHI-2014-07-23,2014-07-23,2681,137,1
104,382068,PHI-2014-07-24,2014-07-24,2681,137,1
105,382070,PHI-2014-07-25,2014-07-25,2681,109,1
106,382085,PHI-2014-07-26,2014-07-26,2681,109,1
107,382100,PHI-2014-07-27,2014-07-27,2681,109,1
108,382120,PHI-2014-07-28,2014-07-28,3289,121,0
109,382134,PHI-2014-07-29,2014-07-29,3289,121,0
110,382149,PHI-2014-07-30,2014-07-30,3289,121,0
111,382161,PHI-2014-07-31,2014-07-31,3309,120,0
112,382175,PHI-2014-08-01,2014-08-01,3309,120,0
113,382190,PHI-2014-08-02,2014-08-02,3309,120,0
114,382205,PHI-2014-08-03,2014-08-03,3309,120,0
115,382224,PHI-2014-08-05,2014-08-05,2681,117,1
116,382238,PHI-2014-08-06,2014-08-06,2681,117,1
117,382253,PHI-2014-08-07,2014-08-07,2681,117,1
118,382268,PHI-2014-08-08,2014-08-08,2681,121,1
119,382283,PHI-2014-08-09,2014-08-09,2681,121,1
120,382298,PHI-2014-08-10,2014-08-10,2681,121,1
121,382311,PHI-2014-08-11,2014-08-11,2681,121,1
122,382326,PHI-2014-08-12,2014-08-12,1,108,0
123,382340,PHI-2014-08-13,2014-08-13,1,108,0
124,382366,PHI-2014-08-15,2014-08-15,2395,137,0
125,382381,PHI-2014-08-16,2014-08-16,2395,137,0
126,382396,PHI-2014-08-17,2014-08-17,2395,137,0
127,382408,PHI-2014-08-18,2014-08-18,2681,136,1
128,382420,PHI-2014-08-19,2014-08-19,2681,136,1
129,382435,PHI-2014-08-20,2014-08-20,2681,136,1
130,382460,PHI-2014-08-22,2014-08-22,2681,138,1
131,382475,PHI-2014-08-23,2014-08-23,2681,138,1
132,382490,PHI-2014-08-24,2014-08-24,2681,138,1
133,382500,PHI-2014-08-25,2014-08-25,2681,120,1
134,382515,PHI-2014-08-26,2014-08-26,2681,120,1
135,382530,PHI-2014-08-27,2014-08-27,2681,120,1
136,382552,PHI-2014-08-29,2014-08-29,3289,121,0
137,382567,PHI-2014-08-30,2014-08-30,3289,121,0
138,382582,PHI-2014-08-31,2014-08-31,3289,121,0
139,382591,PHI-2014-09-01,2014-09-01,16,144,0
140,382605,PHI-2014-09-02,2014-09-02,16,144,0
141,382620,PHI-2014-09-03,2014-09-03,16,144,0
142,382642,PHI-2014-09-05,2014-09-05,3309,120,0
143,382657,PHI-2014-09-06,2014-09-06,3309,120,0
144,382672,PHI-2014-09-07,2014-09-07,3309,120,0
145,382687,PHI-2014-09-08,2014-09-08,2681,134,1
146,382701,PHI-2014-09-09,2014-09-09,2681,134,1
147,382716,PHI-2014-09-10,2014-09-10,2681,134,1
148,382726,PHI-2014-09-11,2014-09-11,2681,134,1
149,382738,PHI-2014-09-12,2014-09-12,2681,146,1
150,382753,PHI-2014-09-13,2014-09-13,2681,146,1
151,382768,PHI-2014-09-14,2014-09-14,2681,146,1
152,382782,PHI-2014-09-15,2014-09-15,2680,135,0
153,382796,PHI-2014-09-16,2014-09-16,2680,135,0
154,382811,PHI-2014-09-17,2014-09-17,2680,135,0
155,382822,PHI-2014-09-18,2014-09-18,2680,135,0
156,382836,PHI-2014-09-19,2014-09-19,10,133,0
157,382851,PHI-2014-09-20,2014-09-20,10,133,0
158,382866,PHI-2014-09-21,2014-09-21,10,133,0
159,382892,PHI-2014-09-23,2014-09-23,4169,146,0
160,382907,PHI-2014-09-24,2014-09-24,4169,146,0
161,382919,PHI-2014-09-25,2014-09-25,4169,146,0
162,382925,PHI-2014-09-26,2014-09-26,2681,144,1
163,382940,PHI-2014-09-27,2014-09-27,2681,144,1
164,382955,PHI-2014-09-28,2014-09-28,2681,144,1
0,413652,PHI-2015-04-06,2015-04-06,2681,111,1
1,413674,PHI-2015-04-08,2015-04-08,2681,111,1
2,413686,PHI-2015-04-09,2015-04-09,2681,111,1
3,413710,PHI-2015-04-10,2015-04-10,2681,120,1
4,413725,PHI-2015-04-11,2015-04-11,2681,120,1
5,413740,PHI-2015-04-12,2015-04-12,2681,120,1
6,413751,PHI-2015-04-13,2015-04-13,3289,121,0
7,413764,PHI-2015-04-14,2015-04-14,3289,121,0
8,413779,PHI-2015-04-15,2015-04-15,3289,121,0
9,413787,PHI-2015-04-16,2015-04-16,3309,120,0
10,413801,PHI-2015-04-17,2015-04-17,3309,120,0
11,413816,PHI-2015-04-18,2015-04-18,3309,120,0
12,413831,PHI-2015-04-19,2015-04-19,3309,120,0
13,413851,PHI-2015-04-21,2015-04-21,2681,146,1
14,413866,PHI-2015-04-22,2015-04-22,2681,146,1
15,413880,PHI-2015-04-23,2015-04-23,2681,146,1
16,413885,PHI-2015-04-24,2015-04-24,2681,144,1
17,413900,PHI-2015-04-25,2015-04-25,2681,144,1
18,413915,PHI-2015-04-26,2015-04-26,2681,144,1
19,413937,PHI-2015-04-27,2015-04-27,2889,138,0
20,413952,PHI-2015-04-28,2015-04-28,2889,138,0
21,413967,PHI-2015-04-29,2015-04-29,2889,138,0
22,413978,PHI-2015-04-30,2015-04-30,2889,138,0
23,413991,PHI-2015-05-01,2015-05-01,4169,146,0
24,414006,PHI-2015-05-02,2015-05-02,4169,146,0
25,414021,PHI-2015-05-03,2015-05-03,4169,146,0
26,414033,PHI-2015-05-04,2015-05-04,16,144,0
27,414048,PHI-2015-05-05,2015-05-05,16,144,0
28,414063,PHI-2015-05-06,2015-05-06,16,144,0
29,414089,PHI-2015-05-08,2015-05-08,2681,121,1
30,414104,PHI-2015-05-09,2015-05-09,2681,121,1
31,414119,PHI-2015-05-10,2015-05-10,2681,121,1
32,414131,PHI-2015-05-11,2015-05-11,2681,134,1
33,414143,PHI-2015-05-12,2015-05-12,2681,134,1
34,414158,PHI-2015-05-13,2015-05-13,2681,134,1
35,414170,PHI-2015-05-14,2015-05-14,2681,134,1
36,414176,PHI-2015-05-15,2015-05-15,2681,109,1
37,414191,PHI-2015-05-16,2015-05-16,2681,109,1
38,414206,PHI-2015-05-17,2015-05-17,2681,109,1
39,414225,PHI-2015-05-18,2015-05-18,19,115,0
40,414237,PHI-2015-05-19,2015-05-19,19,115,0
41,414252,PHI-2015-05-20,2015-05-20,19,115,0
42,414265,PHI-2015-05-21,2015-05-21,19,115,0
43,414278,PHI-2015-05-22,2015-05-22,3309,120,0
44,414293,PHI-2015-05-23,2015-05-23,3309,120,0
45,414308,PHI-2015-05-24,2015-05-24,3309,120,0
46,414323,PHI-2015-05-25,2015-05-25,3289,121,0
47,414338,PHI-2015-05-26,2015-05-26,3289,121,0
48,414353,PHI-2015-05-27,2015-05-27,3289,121,0
49,414370,PHI-2015-05-29,2015-05-29,2681,115,1
50,414385,PHI-2015-05-30,2015-05-30,2681,115,1
51,414400,PHI-2015-05-31,2015-05-31,2681,115,1
52,414425,PHI-2015-06-02,2015-06-02,2681,113,1
53,414440,PHI-2015-06-03,2015-06-03,2681,113,1
54,414454,PHI-2015-06-04,2015-06-04,2681,113,1
55,414472,PHI-2015-06-05,2015-06-05,2681,137,1
56,414487,PHI-2015-06-06,2015-06-06,2681,137,1
57,414502,PHI-2015-06-07,2015-06-07,2681,137,1
58,414511,PHI-2015-06-08,2015-06-08,2602,113,0
59,414522,PHI-2015-06-09,2015-06-09,2602,113,0
60,414537,PHI-2015-06-10,2015-06-10,2602,113,0
61,414564,PHI-2015-06-12,2015-06-12,31,134,0
62,414579,PHI-2015-06-13,2015-06-13,31,134,0
63,414594,PHI-2015-06-14,2015-06-14,31,134,0
64,414609,PHI-2015-06-15,2015-06-15,2,110,0
65,414624,PHI-2015-06-16,2015-06-16,2,110,0
66,414629,PHI-2015-06-17,2015-06-17,2681,110,1
67,414644,PHI-2015-06-18,2015-06-18,2681,110,1
68,414670,PHI-2015-06-19,2015-06-19,2681,138,1
69,414685,PHI-2015-06-20,2015-06-20,2681,138,1
70,414700,PHI-2015-06-21,2015-06-21,2681,138,1
71,414708,PHI-2015-06-22,2015-06-22,3313,147,0
72,414721,PHI-2015-06-23,2015-06-23,3313,147,0
73,414736,PHI-2015-06-24,2015-06-24,3313,147,0
74,414765,PHI-2015-06-26,2015-06-26,2681,120,1
75,414780,PHI-2015-06-27,2015-06-27,2681,120,1
76,414795,PHI-2015-06-28,2015-06-28,2681,120,1
77,414780,PHI-2015-06-28,2015-06-28,2681,120,1
78,414801,PHI-2015-06-29,2015-06-29,2681,158,1
79,414812,PHI-2015-06-30,2015-06-30,2681,158,1
80,414827,PHI-2015-07-01,2015-07-01,2681,158,1
81,414839,PHI-2015-07-02,2015-07-02,2681,158,1
82,414856,PHI-2015-07-03,2015-07-03,16,144,0
83,414871,PHI-2015-07-04,2015-07-04,16,144,0
84,414886,PHI-2015-07-05,2015-07-05,16,144,0
85,414898,PHI-2015-07-06,2015-07-06,22,119,0
86,414913,PHI-2015-07-07,2015-07-07,22,119,0
87,414928,PHI-2015-07-08,2015-07-08,22,119,0
88,414939,PHI-2015-07-09,2015-07-09,22,119,0
89,414953,PHI-2015-07-10,2015-07-10,2395,137,0
90,414968,PHI-2015-07-11,2015-07-11,2395,137,0
91,414983,PHI-2015-07-12,2015-07-12,2395,137,0
92,414996,PHI-2015-07-17,2015-07-17,2681,146,1
93,415011,PHI-2015-07-18,2015-07-18,2681,146,1
94,415026,PHI-2015-07-19,2015-07-19,2681,146,1
95,415042,PHI-2015-07-20,2015-07-20,2681,139,1
96,415056,PHI-2015-07-21,2015-07-21,2681,139,1
97,415071,PHI-2015-07-22,2015-07-22,2681,139,1
98,415095,PHI-2015-07-24,2015-07-24,17,112,0
99,415110,PHI-2015-07-25,2015-07-25,17,112,0
100,415125,PHI-2015-07-26,2015-07-26,17,112,0
101,415149,PHI-2015-07-28,2015-07-28,14,141,0
102,415164,PHI-2015-07-29,2015-07-29,14,141,0
103,415169,PHI-2015-07-30,2015-07-30,2681,144,1
104,415183,PHI-2015-07-31,2015-07-31,2681,144,1
105,415198,PHI-2015-08-01,2015-08-01,2681,144,1
106,415213,PHI-2015-08-02,2015-08-02,2681,144,1
107,415244,PHI-2015-08-04,2015-08-04,2681,119,1
108,415259,PHI-2015-08-05,2015-08-05,2681,119,1
109,415271,PHI-2015-08-06,2015-08-06,2681,119,1
110,415287,PHI-2015-08-07,2015-08-07,2680,135,0
111,415302,PHI-2015-08-08,2015-08-08,2680,135,0
112,415317,PHI-2015-08-09,2015-08-09,2680,135,0
113,415327,PHI-2015-08-10,2015-08-10,15,109,0
114,415340,PHI-2015-08-11,2015-08-11,15,109,0
115,415355,PHI-2015-08-12,2015-08-12,15,109,0
116,415377,PHI-2015-08-14,2015-08-14,32,158,0
117,415392,PHI-2015-08-15,2015-08-15,32,158,0
118,415407,PHI-2015-08-16,2015-08-16,32,158,0
119,415436,PHI-2015-08-18,2015-08-18,2681,141,1
120,415451,PHI-2015-08-19,2015-08-19,2681,141,1
121,415459,PHI-2015-08-20,2015-08-20,4169,146,0
122,415473,PHI-2015-08-21,2015-08-21,4169,146,0
123,415488,PHI-2015-08-22,2015-08-22,4169,146,0
124,415503,PHI-2015-08-23,2015-08-23,4169,146,0
125,415513,PHI-2015-08-24,2015-08-24,2681,121,1
126,415526,PHI-2015-08-25,2015-08-25,2681,121,1
127,415541,PHI-2015-08-26,2015-08-26,2681,121,1
128,415552,PHI-2015-08-27,2015-08-27,2681,121,1
129,415570,PHI-2015-08-28,2015-08-28,2681,135,1
130,415585,PHI-2015-08-29,2015-08-29,2681,135,1
131,415600,PHI-2015-08-30,2015-08-30,2681,135,1
132,415609,PHI-2015-08-31,2015-08-31,3289,121,0
133,415623,PHI-2015-09-01,2015-09-01,3289,121,0
134,415638,PHI-2015-09-02,2015-09-02,3289,121,0
135,415660,PHI-2015-09-04,2015-09-04,3,111,0
136,415675,PHI-2015-09-05,2015-09-05,3,111,0
137,415690,PHI-2015-09-06,2015-09-06,3,111,0
138,415696,PHI-2015-09-07,2015-09-07,2681,144,1
139,415711,PHI-2015-09-08,2015-09-08,2681,144,1
140,415726,PHI-2015-09-09,2015-09-09,2681,144,1
141,415741,PHI-2015-09-10,2015-09-10,2681,112,1
142,415749,PHI-2015-09-11,2015-09-11,2681,112,1
143,415741,PHI-2015-09-11,2015-09-11,2681,112,1
144,415764,PHI-2015-09-12,2015-09-12,2681,112,1
145,415779,PHI-2015-09-13,2015-09-13,2681,112,1
146,415804,PHI-2015-09-14,2015-09-14,2681,120,1
147,415819,PHI-2015-09-15,2015-09-15,2681,120,1
148,415834,PHI-2015-09-16,2015-09-16,2681,120,1
149,415854,PHI-2015-09-18,2015-09-18,16,144,0
150,415869,PHI-2015-09-19,2015-09-19,16,144,0
151,415884,PHI-2015-09-20,2015-09-20,16,144,0
152,415908,PHI-2015-09-22,2015-09-22,4169,146,0
153,415923,PHI-2015-09-23,2015-09-23,4169,146,0
154,415934,PHI-2015-09-24,2015-09-24,4169,146,0
155,415949,PHI-2015-09-25,2015-09-25,3309,120,0
156,415964,PHI-2015-09-26,2015-09-26,3309,120,0
157,415979,PHI-2015-09-27,2015-09-27,3309,120,0
158,416003,PHI-2015-09-29,2015-09-29,2681,121,1
159,416018,PHI-2015-09-30,2015-09-30,2681,121,1
160,416032,PHI-2015-10-01,2015-10-01,2681,121,1
161,416043,PHI-2015-10-02,2015-10-02,2681,146,1
162,416058,PHI-2015-10-03,2015-10-03,2681,146,1
163,416043,PHI-2015-10-03,2015-10-03,2681,146,1
164,416073,PHI-2015-10-04,2015-10-04,2681,146,1
0,446874,PHI-2016-04-04,2016-04-04,2602,113,0
1,446897,PHI-2016-04-06,2016-04-06,2602,113,0
2,446909,PHI-2016-04-07,2016-04-07,2602,113,0
3,446921,PHI-2016-04-08,2016-04-08,3289,121,0
4,446936,PHI-2016-04-09,2016-04-09,3289,121,0
5,446951,PHI-2016-04-10,2016-04-10,3289,121,0
6,446966,PHI-2016-04-11,2016-04-11,2681,135,1
7,446978,PHI-2016-04-12,2016-04-12,2681,135,1
8,446993,PHI-2016-04-13,2016-04-13,2681,135,1
9,447005,PHI-2016-04-14,2016-04-14,2681,135,1
10,447021,PHI-2016-04-15,2016-04-15,2681,120,1
11,447036,PHI-2016-04-16,2016-04-16,2681,120,1
12,447051,PHI-2016-04-17,2016-04-17,2681,120,1
13,447067,PHI-2016-04-18,2016-04-18,2681,121,1
14,447082,PHI-2016-04-19,2016-04-19,2681,121,1
15,447096,PHI-2016-04-20,2016-04-20,2681,121,1
16,447112,PHI-2016-04-22,2016-04-22,32,158,0
17,447127,PHI-2016-04-23,2016-04-23,32,158,0
18,447142,PHI-2016-04-24,2016-04-24,32,158,0
19,447172,PHI-2016-04-26,2016-04-26,3309,120,0
20,447187,PHI-2016-04-27,2016-04-27,3309,120,0
21,447196,PHI-2016-04-28,2016-04-28,3309,120,0
22,447202,PHI-2016-04-29,2016-04-29,2681,114,1
23,447217,PHI-2016-04-30,2016-04-30,2681,114,1
24,447232,PHI-2016-05-01,2016-05-01,2681,114,1
25,447249,PHI-2016-05-02,2016-05-02,2889,138,0
26,447264,PHI-2016-05-03,2016-05-03,2889,138,0
27,447279,PHI-2016-05-04,2016-05-04,2889,138,0
28,447291,PHI-2016-05-05,2016-05-05,2889,138,0
29,447304,PHI-2016-05-06,2016-05-06,4169,146,0
30,447319,PHI-2016-05-07,2016-05-07,4169,146,0
31,447334,PHI-2016-05-08,2016-05-08,4169,146,0
32,447362,PHI-2016-05-10,2016-05-10,16,144,0
33,447377,PHI-2016-05-11,2016-05-11,16,144,0
34,447387,PHI-2016-05-12,2016-05-12,16,144,0
35,447393,PHI-2016-05-13,2016-05-13,2681,113,1
36,447408,PHI-2016-05-14,2016-05-14,2681,113,1
37,447423,PHI-2016-05-15,2016-05-15,2681,113,1
38,447451,PHI-2016-05-16,2016-05-16,2681,146,1
39,447466,PHI-2016-05-17,2016-05-17,2681,146,1
40,447480,PHI-2016-05-18,2016-05-18,2681,146,1
41,447487,PHI-2016-05-20,2016-05-20,2681,144,1
42,447502,PHI-2016-05-21,2016-05-21,2681,144,1
43,447517,PHI-2016-05-22,2016-05-22,2681,144,1
44,447537,PHI-2016-05-23,2016-05-23,2394,116,0
45,447551,PHI-2016-05-24,2016-05-24,2394,116,0
46,447567,PHI-2016-05-25,2016-05-25,2394,116,0
47,447589,PHI-2016-05-27,2016-05-27,17,112,0
48,447604,PHI-2016-05-28,2016-05-28,17,112,0
49,447619,PHI-2016-05-29,2016-05-29,17,112,0
50,447638,PHI-2016-05-30,2016-05-30,2681,120,1
51,447653,PHI-2016-05-31,2016-05-31,2681,120,1
52,447668,PHI-2016-06-01,2016-06-01,2681,120,1
53,447674,PHI-2016-06-02,2016-06-02,2681,158,1
54,447685,PHI-2016-06-03,2016-06-03,2681,158,1
55,447700,PHI-2016-06-04,2016-06-04,2681,158,1
56,447715,PHI-2016-06-05,2016-06-05,2681,158,1
57,447725,PHI-2016-06-06,2016-06-06,2681,112,1
58,447736,PHI-2016-06-07,2016-06-07,2681,112,1
59,447751,PHI-2016-06-08,2016-06-08,2681,112,1
60,447783,PHI-2016-06-10,2016-06-10,3309,120,0
61,447798,PHI-2016-06-11,2016-06-11,3309,120,0
62,447813,PHI-2016-06-12,2016-06-12,3309,120,0
63,447825,PHI-2016-06-13,2016-06-13,14,141,0
64,447838,PHI-2016-06-14,2016-06-14,14,141,0
65,447856,PHI-2016-06-15,2016-06-15,2681,141,1
66,447865,PHI-2016-06-16,2016-06-16,2681,141,1
67,447867,PHI-2016-06-17,2016-06-17,2681,109,1
68,447882,PHI-2016-06-18,2016-06-18,2681,109,1
69,447897,PHI-2016-06-19,2016-06-19,2681,109,1
70,447912,PHI-2016-06-20,2016-06-20,2681,109,1
71,447929,PHI-2016-06-21,2016-06-21,3312,142,0
72,447944,PHI-2016-06-22,2016-06-22,3312,142,0
73,447956,PHI-2016-06-23,2016-06-23,3312,142,0
74,447969,PHI-2016-06-24,2016-06-24,2395,137,0
75,447984,PHI-2016-06-25,2016-06-25,2395,137,0
76,447999,PHI-2016-06-26,2016-06-26,2395,137,0
77,448012,PHI-2016-06-27,2016-06-27,15,109,0
78,448026,PHI-2016-06-28,2016-06-28,15,109,0
79,448041,PHI-2016-06-29,2016-06-29,15,109,0
80,448064,PHI-2016-07-01,2016-07-01,2681,118,1
81,448079,PHI-2016-07-02,2016-07-02,2681,118,1
82,448094,PHI-2016-07-03,2016-07-03,2681,118,1
83,448102,PHI-2016-07-04,2016-07-04,2681,144,1
84,448117,PHI-2016-07-05,2016-07-05,2681,144,1
85,448132,PHI-2016-07-06,2016-07-06,2681,144,1
86,448152,PHI-2016-07-07,2016-07-07,19,115,0
87,448166,PHI-2016-07-08,2016-07-08,19,115,0
88,448181,PHI-2016-07-09,2016-07-09,19,115,0
89,448196,PHI-2016-07-10,2016-07-10,19,115,0
90,448213,PHI-2016-07-15,2016-07-15,2681,121,1
91,448228,PHI-2016-07-16,2016-07-16,2681,121,1
92,448243,PHI-2016-07-17,2016-07-17,2681,121,1
93,448253,PHI-2016-07-18,2016-07-18,2681,146,1
94,448265,PHI-2016-07-19,2016-07-19,2681,146,1
95,448280,PHI-2016-07-20,2016-07-20,2681,146,1
96,448293,PHI-2016-07-21,2016-07-21,2681,146,1
97,448308,PHI-2016-07-22,2016-07-22,31,134,0
98,448323,PHI-2016-07-23,2016-07-23,31,134,0
99,448338,PHI-2016-07-24,2016-07-24,31,134,0
100,448352,PHI-2016-07-25,2016-07-25,4169,146,0
101,448364,PHI-2016-07-26,2016-07-26,4169,146,0
102,448379,PHI-2016-07-27,2016-07-27,4169,146,0
103,448390,PHI-2016-07-28,2016-07-28,16,144,0
104,448403,PHI-2016-07-29,2016-07-29,16,144,0
105,448418,PHI-2016-07-30,2016-07-30,16,144,0
106,448433,PHI-2016-07-31,2016-07-31,16,144,0
107,448456,PHI-2016-08-02,2016-08-02,2681,137,1
108,448471,PHI-2016-08-03,2016-08-03,2681,137,1
109,448484,PHI-2016-08-04,2016-08-04,2681,137,1
110,448499,PHI-2016-08-05,2016-08-05,2680,135,0
111,448514,PHI-2016-08-06,2016-08-06,2680,135,0
112,448529,PHI-2016-08-07,2016-08-07,2680,135,0
113,448538,PHI-2016-08-08,2016-08-08,22,119,0
114,448551,PHI-2016-08-09,2016-08-09,22,119,0
115,448567,PHI-2016-08-10,2016-08-10,22,119,0
116,448587,PHI-2016-08-12,2016-08-12,2681,115,1
117,448602,PHI-2016-08-13,2016-08-13,2681,115,1
118,448617,PHI-2016-08-14,2016-08-14,2681,115,1
119,448638,PHI-2016-08-16,2016-08-16,2681,119,1
120,448653,PHI-2016-08-17,2016-08-17,2681,119,1
121,448669,PHI-2016-08-18,2016-08-18,2681,119,1
122,448688,PHI-2016-08-19,2016-08-19,2681,138,1
123,448703,PHI-2016-08-20,2016-08-20,2681,138,1
124,448718,PHI-2016-08-21,2016-08-21,2681,138,1
125,448742,PHI-2016-08-23,2016-08-23,4,145,0
126,448758,PHI-2016-08-24,2016-08-24,4,145,0
127,448782,PHI-2016-08-26,2016-08-26,3289,121,0
128,448797,PHI-2016-08-27,2016-08-27,3289,121,0
129,448812,PHI-2016-08-28,2016-08-28,3289,121,0
130,448829,PHI-2016-08-29,2016-08-29,2681,120,1
131,448844,PHI-2016-08-30,2016-08-30,2681,120,1
132,448859,PHI-2016-08-31,2016-08-31,2681,120,1
133,448865,PHI-2016-09-02,2016-09-02,2681,144,1
134,448880,PHI-2016-09-03,2016-09-03,2681,144,1
135,448895,PHI-2016-09-04,2016-09-04,2681,144,1
136,448919,PHI-2016-09-05,2016-09-05,4169,146,0
137,448934,PHI-2016-09-06,2016-09-06,4169,146,0
138,448949,PHI-2016-09-07,2016-09-07,4169,146,0
139,448958,PHI-2016-09-08,2016-09-08,3309,120,0
140,448971,PHI-2016-09-09,2016-09-09,3309,120,0
141,448986,PHI-2016-09-10,2016-09-10,3309,120,0
142,449001,PHI-2016-09-11,2016-09-11,3309,120,0
143,449016,PHI-2016-09-12,2016-09-12,2681,134,1
144,449031,PHI-2016-09-13,2016-09-13,2681,134,1
145,449046,PHI-2016-09-14,2016-09-14,2681,134,1
146,449057,PHI-2016-09-15,2016-09-15,2681,134,1
147,449065,PHI-2016-09-16,2016-09-16,2681,146,1
148,449080,PHI-2016-09-17,2016-09-17,2681,146,1
149,449095,PHI-2016-09-18,2016-09-18,2681,146,1
150,449119,PHI-2016-09-20,2016-09-20,2681,145,1
151,449134,PHI-2016-09-21,2016-09-21,2681,145,1
152,449153,PHI-2016-09-22,2016-09-22,3289,121,0
153,449165,PHI-2016-09-23,2016-09-23,3289,121,0
154,449180,PHI-2016-09-24,2016-09-24,3289,121,0
155,449195,PHI-2016-09-25,2016-09-25,3289,121,0
156,449223,PHI-2016-09-27,2016-09-27,16,144,0
157,449238,PHI-2016-09-28,2016-09-28,16,144,0
158,449251,PHI-2016-09-29,2016-09-29,16,144,0
159,449262,PHI-2016-09-30,2016-09-30,2681,121,1
160,449277,PHI-2016-10-01,2016-10-01,2681,121,1
161,449292,PHI-2016-10-02,2016-10-02,2681,121,1
0,490107,PHI-2017-04-03,2017-04-03,2602,113,0
1,490129,PHI-2017-04-05,2017-04-05,2602,113,0
2,490142,PHI-2017-04-06,2017-04-06,2602,113,0
3,490162,PHI-2017-04-07,2017-04-07,2681,120,1
4,490177,PHI-2017-04-08,2017-04-08,2681,120,1
5,490192,PHI-2017-04-09,2017-04-09,2681,120,1
6,490198,PHI-2017-04-10,2017-04-10,2681,121,1
7,490211,PHI-2017-04-11,2017-04-11,2681,121,1
8,490224,PHI-2017-04-12,2017-04-12,2681,121,1
9,490249,PHI-2017-04-14,2017-04-14,3309,120,0
10,490264,PHI-2017-04-15,2017-04-15,3309,120,0
11,490279,PHI-2017-04-16,2017-04-16,3309,120,0
12,490305,PHI-2017-04-18,2017-04-18,3289,121,0
13,490320,PHI-2017-04-19,2017-04-19,3289,121,0
14,490332,PHI-2017-04-20,2017-04-20,3289,121,0
15,490336,PHI-2017-04-21,2017-04-21,2681,144,1
16,490351,PHI-2017-04-22,2017-04-22,2681,144,1
17,490366,PHI-2017-04-23,2017-04-23,2681,144,1
18,490396,PHI-2017-04-25,2017-04-25,2681,146,1
19,490411,PHI-2017-04-26,2017-04-26,2681,146,1
20,490423,PHI-2017-04-27,2017-04-27,2681,146,1
21,490440,PHI-2017-04-28,2017-04-28,22,119,0
22,490455,PHI-2017-04-29,2017-04-29,22,119,0
23,490470,PHI-2017-04-30,2017-04-30,22,119,0
24,490480,PHI-2017-05-01,2017-05-01,17,112,0
25,490495,PHI-2017-05-02,2017-05-02,17,112,0
26,490511,PHI-2017-05-03,2017-05-03,17,112,0
27,490526,PHI-2017-05-04,2017-05-04,17,112,0
28,490543,PHI-2017-05-05,2017-05-05,2681,120,1
29,490558,PHI-2017-05-06,2017-05-06,2681,120,1
30,490573,PHI-2017-05-07,2017-05-07,2681,120,1
31,490594,PHI-2017-05-09,2017-05-09,2681,136,1
32,490610,PHI-2017-05-10,2017-05-10,2681,136,1
33,490634,PHI-2017-05-12,2017-05-12,3309,120,0
34,490649,PHI-2017-05-13,2017-05-13,3309,120,0
35,490664,PHI-2017-05-14,2017-05-14,3309,120,0
36,490634,PHI-2017-05-14,2017-05-14,3309,120,0
37,490689,PHI-2017-05-16,2017-05-16,13,140,0
38,490703,PHI-2017-05-17,2017-05-17,13,140,0
39,490715,PHI-2017-05-18,2017-05-18,13,140,0
40,490728,PHI-2017-05-19,2017-05-19,31,134,0
41,490743,PHI-2017-05-20,2017-05-20,31,134,0
42,490758,PHI-2017-05-21,2017-05-21,31,134,0
43,490765,PHI-2017-05-22,2017-05-22,2681,115,1
44,490774,PHI-2017-05-23,2017-05-23,2681,115,1
45,490789,PHI-2017-05-24,2017-05-24,2681,115,1
46,490804,PHI-2017-05-25,2017-05-25,2681,115,1
47,490818,PHI-2017-05-26,2017-05-26,2681,113,1
48,490833,PHI-2017-05-27,2017-05-27,2681,113,1
49,490848,PHI-2017-05-28,2017-05-28,2681,113,1
50,490870,PHI-2017-05-29,2017-05-29,4169,146,0
51,490885,PHI-2017-05-30,2017-05-30,4169,146,0
52,490901,PHI-2017-05-31,2017-05-31,4169,146,0
53,490923,PHI-2017-06-02,2017-06-02,2681,137,1
54,490938,PHI-2017-06-03,2017-06-03,2681,137,1
55,490953,PHI-2017-06-04,2017-06-04,2681,137,1
56,490959,PHI-2017-06-05,2017-06-05,4705,144,0
57,490972,PHI-2017-06-06,2017-06-06,4705,144,0
58,490987,PHI-2017-06-07,2017-06-07,4705,144,0
59,491001,PHI-2017-06-08,2017-06-08,4705,144,0
60,491017,PHI-2017-06-09,2017-06-09,2889,138,0
61,491033,PHI-2017-06-10,2017-06-10,2889,138,0
62,491048,PHI-2017-06-11,2017-06-11,2889,138,0
63,491057,PHI-2017-06-12,2017-06-12,3,111,0
64,491071,PHI-2017-06-13,2017-06-13,3,111,0
65,491078,PHI-2017-06-14,2017-06-14,2681,111,1
66,491091,PHI-2017-06-15,2017-06-15,2681,111,1
67,491100,PHI-2017-06-16,2017-06-16,2681,109,1
68,491115,PHI-2017-06-17,2017-06-17,2681,109,1
69,491130,PHI-2017-06-18,2017-06-18,2681,109,1
70,491168,PHI-2017-06-20,2017-06-20,2681,138,1
71,491183,PHI-2017-06-21,2017-06-21,2681,138,1
72,491196,PHI-2017-06-22,2017-06-22,2681,138,1
73,491209,PHI-2017-06-23,2017-06-23,15,109,0
74,491224,PHI-2017-06-24,2017-06-24,15,109,0
75,491239,PHI-2017-06-25,2017-06-25,15,109,0
76,491248,PHI-2017-06-26,2017-06-26,15,109,0
77,491261,PHI-2017-06-27,2017-06-27,680,136,0
78,491276,PHI-2017-06-28,2017-06-28,680,136,0
79,491302,PHI-2017-06-30,2017-06-30,3289,121,0
80,491317,PHI-2017-07-01,2017-07-01,3289,121,0
81,491332,PHI-2017-07-02,2017-07-02,3289,121,0
82,491346,PHI-2017-07-03,2017-07-03,2681,134,1
83,491358,PHI-2017-07-04,2017-07-04,2681,134,1
84,491373,PHI-2017-07-05,2017-07-05,2681,134,1
85,491386,PHI-2017-07-06,2017-07-06,2681,134,1
86,491403,PHI-2017-07-07,2017-07-07,2681,135,1
87,491418,PHI-2017-07-08,2017-07-08,2681,135,1
88,491433,PHI-2017-07-09,2017-07-09,2681,135,1
89,491442,PHI-2017-07-14,2017-07-14,32,158,0
90,491457,PHI-2017-07-15,2017-07-15,32,158,0
91,491472,PHI-2017-07-16,2017-07-16,32,158,0
92,491485,PHI-2017-07-17,2017-07-17,4169,146,0
93,491500,PHI-2017-07-18,2017-07-18,4169,146,0
94,491515,PHI-2017-07-19,2017-07-19,4169,146,0
95,491538,PHI-2017-07-21,2017-07-21,2681,158,1
96,491553,PHI-2017-07-22,2017-07-22,2681,158,1
97,491568,PHI-2017-07-23,2017-07-23,2681,158,1
98,491582,PHI-2017-07-24,2017-07-24,2681,117,1
99,491595,PHI-2017-07-25,2017-07-25,2681,117,1
100,491610,PHI-2017-07-26,2017-07-26,2681,117,1
101,491628,PHI-2017-07-28,2017-07-28,2681,144,1
102,491643,PHI-2017-07-29,2017-07-29,2681,144,1
103,491658,PHI-2017-07-30,2017-07-30,2681,144,1
104,491672,PHI-2017-07-31,2017-07-31,2681,144,1
105,491689,PHI-2017-08-01,2017-08-01,1,108,0
106,491705,PHI-2017-08-02,2017-08-02,1,108,0
107,491719,PHI-2017-08-03,2017-08-03,1,108,0
108,491732,PHI-2017-08-04,2017-08-04,19,115,0
109,491747,PHI-2017-08-05,2017-08-05,19,115,0
110,491762,PHI-2017-08-06,2017-08-06,19,115,0
111,491786,PHI-2017-08-08,2017-08-08,4705,144,0
112,491801,PHI-2017-08-09,2017-08-09,4705,144,0
113,491814,PHI-2017-08-10,2017-08-10,2681,121,1
114,491829,PHI-2017-08-11,2017-08-11,2681,121,1
115,491844,PHI-2017-08-12,2017-08-12,2681,121,1
116,491859,PHI-2017-08-13,2017-08-13,2681,121,1
117,491870,PHI-2017-08-14,2017-08-14,2680,135,0
118,491883,PHI-2017-08-15,2017-08-15,2680,135,0
119,491898,PHI-2017-08-16,2017-08-16,2680,135,0
120,491909,PHI-2017-08-17,2017-08-17,2395,137,0
121,491923,PHI-2017-08-18,2017-08-18,2395,137,0
122,491938,PHI-2017-08-19,2017-08-19,2395,137,0
123,491953,PHI-2017-08-20,2017-08-20,2395,137,0
124,491971,PHI-2017-08-22,2017-08-22,2681,146,1
125,490396,PHI-2017-08-22,2017-08-22,2681,146,1
126,491986,PHI-2017-08-23,2017-08-23,2681,146,1
127,492001,PHI-2017-08-24,2017-08-24,2681,146,1
128,492009,PHI-2017-08-25,2017-08-25,2681,112,1
129,492024,PHI-2017-08-26,2017-08-26,2681,112,1
130,492039,PHI-2017-08-27,2017-08-27,2681,112,1
131,492053,PHI-2017-08-28,2017-08-28,2681,144,1
132,492063,PHI-2017-08-29,2017-08-29,2681,144,1
133,492078,PHI-2017-08-30,2017-08-30,2681,144,1
134,492063,PHI-2017-08-30,2017-08-30,2681,144,1
135,492098,PHI-2017-08-31,2017-08-31,4169,146,0
136,492113,PHI-2017-09-01,2017-09-01,4169,146,0
137,492128,PHI-2017-09-02,2017-09-02,4169,146,0
138,492143,PHI-2017-09-03,2017-09-03,4169,146,0
139,492157,PHI-2017-09-04,2017-09-04,3289,121,0
140,492172,PHI-2017-09-05,2017-09-05,3289,121,0
141,492187,PHI-2017-09-06,2017-09-06,3289,121,0
142,492199,PHI-2017-09-07,2017-09-07,3309,120,0
143,492211,PHI-2017-09-08,2017-09-08,3309,120,0
144,492226,PHI-2017-09-09,2017-09-09,3309,120,0
145,492241,PHI-2017-09-10,2017-09-10,3309,120,0
146,492262,PHI-2017-09-12,2017-09-12,2681,146,1
147,492277,PHI-2017-09-13,2017-09-13,2681,146,1
148,492291,PHI-2017-09-14,2017-09-14,2681,146,1
149,492304,PHI-2017-09-15,2017-09-15,2681,133,1
150,492319,PHI-2017-09-16,2017-09-16,2681,133,1
151,492334,PHI-2017-09-17,2017-09-17,2681,133,1
152,492343,PHI-2017-09-18,2017-09-18,2681,119,1
153,492355,PHI-2017-09-19,2017-09-19,2681,119,1
154,492370,PHI-2017-09-20,2017-09-20,2681,119,1
155,492383,PHI-2017-09-21,2017-09-21,2681,119,1
156,492398,PHI-2017-09-22,2017-09-22,4705,144,0
157,492413,PHI-2017-09-23,2017-09-23,4705,144,0
158,492428,PHI-2017-09-24,2017-09-24,4705,144,0
159,492443,PHI-2017-09-25,2017-09-25,2681,120,1
160,492458,PHI-2017-09-26,2017-09-26,2681,120,1
161,492473,PHI-2017-09-27,2017-09-27,2681,120,1
162,492493,PHI-2017-09-29,2017-09-29,2681,121,1
163,492508,PHI-2017-09-30,2017-09-30,2681,121,1
164,492523,PHI-2017-10-01,2017-10-01,2681,121,1
0,529416,PHI-2018-03-29,2018-03-29,4705,144,0
1,529428,PHI-2018-03-30,2018-03-30,4705,144,0
2,529440,PHI-2018-03-31,2018-03-31,4705,144,0
3,529466,PHI-2018-04-02,2018-04-02,3289,121,0
4,529479,PHI-2018-04-03,2018-04-03,3289,121,0
5,529491,PHI-2018-04-04,2018-04-04,3289,121,0
6,529503,PHI-2018-04-05,2018-04-05,2681,146,1
7,529525,PHI-2018-04-07,2018-04-07,2681,146,1
8,529540,PHI-2018-04-08,2018-04-08,2681,146,1
9,529549,PHI-2018-04-09,2018-04-09,2681,113,1
10,529562,PHI-2018-04-10,2018-04-10,2681,113,1
11,529576,PHI-2018-04-11,2018-04-11,2681,113,1
12,529606,PHI-2018-04-13,2018-04-13,12,139,0
13,529621,PHI-2018-04-14,2018-04-14,12,139,0
14,529636,PHI-2018-04-15,2018-04-15,12,139,0
15,529650,PHI-2018-04-16,2018-04-16,4705,144,0
16,529664,PHI-2018-04-17,2018-04-17,4705,144,0
17,529678,PHI-2018-04-18,2018-04-18,4705,144,0
18,529688,PHI-2018-04-19,2018-04-19,2681,134,1
19,529700,PHI-2018-04-20,2018-04-20,2681,134,1
20,529715,PHI-2018-04-21,2018-04-21,2681,134,1
21,529730,PHI-2018-04-22,2018-04-22,2681,134,1
22,529745,PHI-2018-04-24,2018-04-24,2681,109,1
23,529760,PHI-2018-04-25,2018-04-25,2681,109,1
24,529775,PHI-2018-04-26,2018-04-26,2681,109,1
25,529786,PHI-2018-04-27,2018-04-27,2681,144,1
26,529801,PHI-2018-04-28,2018-04-28,2681,144,1
27,529816,PHI-2018-04-29,2018-04-29,2681,144,1
28,529835,PHI-2018-04-30,2018-04-30,4169,146,0
29,529850,PHI-2018-05-01,2018-05-01,4169,146,0
30,529865,PHI-2018-05-02,2018-05-02,4169,146,0
31,529891,PHI-2018-05-04,2018-05-04,3309,120,0
32,529907,PHI-2018-05-05,2018-05-05,3309,120,0
33,529922,PHI-2018-05-06,2018-05-06,3309,120,0
34,529931,PHI-2018-05-07,2018-05-07,2681,137,1
35,529945,PHI-2018-05-08,2018-05-08,2681,137,1
36,529959,PHI-2018-05-09,2018-05-09,2681,137,1
37,529968,PHI-2018-05-10,2018-05-10,2681,137,1
38,529979,PHI-2018-05-11,2018-05-11,2681,121,1
39,529994,PHI-2018-05-12,2018-05-12,2681,121,1
40,530009,PHI-2018-05-13,2018-05-13,2681,121,1
41,530034,PHI-2018-05-15,2018-05-15,2,110,0
42,530048,PHI-2018-05-16,2018-05-16,2,110,0
43,530058,PHI-2018-05-17,2018-05-17,2889,138,0
44,530073,PHI-2018-05-18,2018-05-18,2889,138,0
45,530088,PHI-2018-05-19,2018-05-19,2889,138,0
46,530103,PHI-2018-05-20,2018-05-20,2889,138,0
47,530108,PHI-2018-05-21,2018-05-21,2681,144,1
48,530117,PHI-2018-05-22,2018-05-22,2681,144,1
49,530132,PHI-2018-05-23,2018-05-23,2681,144,1
50,530167,PHI-2018-05-25,2018-05-25,2681,141,1
51,530182,PHI-2018-05-26,2018-05-26,2681,141,1
52,530197,PHI-2018-05-27,2018-05-27,2681,141,1
53,530207,PHI-2018-05-28,2018-05-28,22,119,0
54,530222,PHI-2018-05-29,2018-05-29,22,119,0
55,530237,PHI-2018-05-30,2018-05-30,22,119,0
56,530250,PHI-2018-05-31,2018-05-31,22,119,0
57,530264,PHI-2018-06-01,2018-06-01,2395,137,0
58,530279,PHI-2018-06-02,2018-06-02,2395,137,0
59,530294,PHI-2018-06-03,2018-06-03,2395,137,0
60,530315,PHI-2018-06-05,2018-06-05,17,112,0
61,530330,PHI-2018-06-06,2018-06-06,17,112,0
62,530341,PHI-2018-06-07,2018-06-07,17,112,0
63,530351,PHI-2018-06-08,2018-06-08,2681,158,1
64,530366,PHI-2018-06-09,2018-06-09,2681,158,1
65,530381,PHI-2018-06-10,2018-06-10,2681,158,1
66,530400,PHI-2018-06-12,2018-06-12,2681,115,1
67,530415,PHI-2018-06-13,2018-06-13,2681,115,1
68,530428,PHI-2018-06-14,2018-06-14,2681,115,1
69,530445,PHI-2018-06-15,2018-06-15,32,158,0
70,530460,PHI-2018-06-16,2018-06-16,32,158,0
71,530475,PHI-2018-06-17,2018-06-17,32,158,0
72,530486,PHI-2018-06-18,2018-06-18,2681,138,1
73,530501,PHI-2018-06-19,2018-06-19,2681,138,1
74,530515,PHI-2018-06-20,2018-06-20,2681,138,1
75,530537,PHI-2018-06-22,2018-06-22,3309,120,0
76,530552,PHI-2018-06-23,2018-06-23,3309,120,0
77,530567,PHI-2018-06-24,2018-06-24,3309,120,0
78,530577,PHI-2018-06-25,2018-06-25,2681,147,1
79,530592,PHI-2018-06-26,2018-06-26,2681,147,1
80,530607,PHI-2018-06-27,2018-06-27,2681,147,1
81,530622,PHI-2018-06-28,2018-06-28,2681,120,1
82,530637,PHI-2018-06-29,2018-06-29,2681,120,1
83,530652,PHI-2018-06-30,2018-06-30,2681,120,1
84,530667,PHI-2018-07-01,2018-07-01,2681,120,1
85,530679,PHI-2018-07-03,2018-07-03,2681,110,1
86,530694,PHI-2018-07-04,2018-07-04,2681,110,1
87,530726,PHI-2018-07-06,2018-07-06,31,134,0
88,530741,PHI-2018-07-07,2018-07-07,31,134,0
89,530756,PHI-2018-07-08,2018-07-08,31,134,0
90,530769,PHI-2018-07-09,2018-07-09,3289,121,0
91,529466,PHI-2018-07-09,2018-07-09,3289,121,0
92,530781,PHI-2018-07-10,2018-07-10,3289,121,0
93,530796,PHI-2018-07-11,2018-07-11,3289,121,0
94,530034,PHI-2018-07-12,2018-07-12,2,110,0
95,530820,PHI-2018-07-13,2018-07-13,4169,146,0
96,530835,PHI-2018-07-14,2018-07-14,4169,146,0
97,530850,PHI-2018-07-15,2018-07-15,4169,146,0
98,530870,PHI-2018-07-20,2018-07-20,2681,135,1
99,530885,PHI-2018-07-21,2018-07-21,2681,135,1
100,530900,PHI-2018-07-22,2018-07-22,2681,135,1
101,530885,PHI-2018-07-22,2018-07-22,2681,135,1
102,530908,PHI-2018-07-23,2018-07-23,2681,119,1
103,530922,PHI-2018-07-24,2018-07-24,2681,119,1
104,530936,PHI-2018-07-25,2018-07-25,2681,119,1
105,530953,PHI-2018-07-26,2018-07-26,2602,113,0
106,530965,PHI-2018-07-27,2018-07-27,2602,113,0
107,530980,PHI-2018-07-28,2018-07-28,2602,113,0
108,530995,PHI-2018-07-29,2018-07-29,2602,113,0
109,531006,PHI-2018-07-30,2018-07-30,3,111,0
110,531021,PHI-2018-07-31,2018-07-31,3,111,0
111,531043,PHI-2018-08-02,2018-08-02,2681,146,1
112,531058,PHI-2018-08-03,2018-08-03,2681,146,1
113,531073,PHI-2018-08-04,2018-08-04,2681,146,1
114,531088,PHI-2018-08-05,2018-08-05,2681,146,1
115,531100,PHI-2018-08-06,2018-08-06,15,109,0
116,531114,PHI-2018-08-07,2018-08-07,15,109,0
117,531128,PHI-2018-08-08,2018-08-08,15,109,0
118,531150,PHI-2018-08-10,2018-08-10,2680,135,0
119,531165,PHI-2018-08-11,2018-08-11,2680,135,0
120,531180,PHI-2018-08-12,2018-08-12,2680,135,0
121,531196,PHI-2018-08-14,2018-08-14,2681,111,1
122,531211,PHI-2018-08-15,2018-08-15,2681,111,1
123,531230,PHI-2018-08-16,2018-08-16,2681,121,1
124,529994,PHI-2018-08-16,2018-08-16,2681,121,1
125,531245,PHI-2018-08-17,2018-08-17,2681,121,1
126,531260,PHI-2018-08-18,2018-08-18,2681,121,1
127,531275,PHI-2018-08-19,2018-08-19,2735,121,1
128,531298,PHI-2018-08-21,2018-08-21,3309,120,0
129,531313,PHI-2018-08-22,2018-08-22,3309,120,0
130,531324,PHI-2018-08-23,2018-08-23,3309,120,0
131,531335,PHI-2018-08-24,2018-08-24,14,141,0
132,531350,PHI-2018-08-25,2018-08-25,14,141,0
133,531365,PHI-2018-08-26,2018-08-26,14,141,0
134,531378,PHI-2018-08-27,2018-08-27,2681,120,1
135,531393,PHI-2018-08-28,2018-08-28,2681,120,1
136,531407,PHI-2018-08-29,2018-08-29,2681,120,1
137,531420,PHI-2018-08-31,2018-08-31,2681,112,1
138,531435,PHI-2018-09-01,2018-09-01,2681,112,1
139,531450,PHI-2018-09-02,2018-09-02,2681,112,1
140,531472,PHI-2018-09-03,2018-09-03,4169,146,0
141,531487,PHI-2018-09-04,2018-09-04,4169,146,0
142,531502,PHI-2018-09-05,2018-09-05,4169,146,0
143,531520,PHI-2018-09-07,2018-09-07,3289,121,0
144,531535,PHI-2018-09-08,2018-09-08,3289,121,0
145,531550,PHI-2018-09-09,2018-09-09,3289,121,0
146,531566,PHI-2018-09-10,2018-09-10,2681,120,1
147,531581,PHI-2018-09-11,2018-09-11,2681,120,1
148,531566,PHI-2018-09-11,2018-09-11,2681,120,1
149,531596,PHI-2018-09-12,2018-09-12,2681,120,1
150,531610,PHI-2018-09-14,2018-09-14,2681,146,1
151,531625,PHI-2018-09-15,2018-09-15,2681,146,1
152,531640,PHI-2018-09-16,2018-09-16,2681,146,1
153,531654,PHI-2018-09-17,2018-09-17,2681,121,1
154,531669,PHI-2018-09-18,2018-09-18,2681,121,1
155,531684,PHI-2018-09-19,2018-09-19,2681,121,1
156,531696,PHI-2018-09-20,2018-09-20,4705,144,0
157,531708,PHI-2018-09-21,2018-09-21,4705,144,0
158,531723,PHI-2018-09-22,2018-09-22,4705,144,0
159,531738,PHI-2018-09-23,2018-09-23,4705,144,0
160,531751,PHI-2018-09-24,2018-09-24,19,115,0
161,531766,PHI-2018-09-25,2018-09-25,19,115,0
162,531781,PHI-2018-09-26,2018-09-26,19,115,0
163,531790,PHI-2018-09-27,2018-09-27,19,115,0
164,531794,PHI-2018-09-28,2018-09-28,2681,144,1
165,531809,PHI-2018-09-29,2018-09-29,2681,144,1
166,531824,PHI-2018-09-30,2018-09-30,2681,144,1
0,567059,PHI-2019-03-28,2019-03-28,2681,144,1
1,567060,PHI-2019-03-30,2019-03-30,2681,144,1
2,567061,PHI-2019-03-31,2019-03-31,2681,144,1
3,565898,PHI-2019-04-02,2019-04-02,3309,120,0
4,565899,PHI-2019-04-03,2019-04-03,3309,120,0
5,567062,PHI-2019-04-05,2019-04-05,2681,142,1
6,567063,PHI-2019-04-06,2019-04-06,2681,142,1
7,567064,PHI-2019-04-07,2019-04-07,2681,142,1
8,567065,PHI-2019-04-08,2019-04-08,2681,120,1
9,567066,PHI-2019-04-09,2019-04-09,2681,120,1
10,567067,PHI-2019-04-10,2019-04-10,2681,120,1
11,567366,PHI-2019-04-12,2019-04-12,4169,146,0
12,567367,PHI-2019-04-13,2019-04-13,4169,146,0
13,567368,PHI-2019-04-14,2019-04-14,4169,146,0
14,567068,PHI-2019-04-15,2019-04-15,2681,121,1
15,567069,PHI-2019-04-16,2019-04-16,2681,121,1
16,567070,PHI-2019-04-17,2019-04-17,2681,121,1
17,565419,PHI-2019-04-18,2019-04-18,19,115,0
18,565420,PHI-2019-04-19,2019-04-19,19,115,0
19,565421,PHI-2019-04-20,2019-04-20,19,115,0
20,565422,PHI-2019-04-21,2019-04-21,19,115,0
21,565995,PHI-2019-04-22,2019-04-22,3289,121,0
22,565996,PHI-2019-04-23,2019-04-23,3289,121,0
23,565997,PHI-2019-04-24,2019-04-24,3289,121,0
24,567071,PHI-2019-04-25,2019-04-25,2681,146,1
25,567072,PHI-2019-04-26,2019-04-26,2681,146,1
26,567073,PHI-2019-04-27,2019-04-27,2681,146,1
27,567074,PHI-2019-04-28,2019-04-28,2681,146,1
28,567075,PHI-2019-04-30,2019-04-30,2681,116,1
29,567076,PHI-2019-05-01,2019-05-01,2681,116,1
30,567077,PHI-2019-05-03,2019-05-03,2681,120,1
31,567078,PHI-2019-05-04,2019-05-04,2681,120,1
32,567079,PHI-2019-05-05,2019-05-05,2681,120,1
33,566583,PHI-2019-05-06,2019-05-06,2889,138,0
34,566584,PHI-2019-05-07,2019-05-07,2889,138,0
35,566585,PHI-2019-05-08,2019-05-08,2889,138,0
36,565721,PHI-2019-05-10,2019-05-10,7,118,0
37,565722,PHI-2019-05-11,2019-05-11,7,118,0
38,565723,PHI-2019-05-12,2019-05-12,7,118,0
39,567080,PHI-2019-05-13,2019-05-13,2681,158,1
40,567081,PHI-2019-05-14,2019-05-14,2681,158,1
41,567082,PHI-2019-05-15,2019-05-15,2681,158,1
42,567083,PHI-2019-05-16,2019-05-16,2681,158,1
43,567084,PHI-2019-05-17,2019-05-17,2681,115,1
44,567085,PHI-2019-05-18,2019-05-18,2681,115,1
45,567086,PHI-2019-05-19,2019-05-19,2681,115,1
46,565146,PHI-2019-05-20,2019-05-20,17,112,0
47,565147,PHI-2019-05-21,2019-05-21,17,112,0
48,565148,PHI-2019-05-22,2019-05-22,17,112,0
49,565149,PHI-2019-05-23,2019-05-23,17,112,0
50,567578,PHI-2019-05-24,2019-05-24,32,158,0
51,567579,PHI-2019-05-25,2019-05-25,32,158,0
52,567580,PHI-2019-05-26,2019-05-26,32,158,0
53,567087,PHI-2019-05-28,2019-05-28,2681,138,1
54,567088,PHI-2019-05-29,2019-05-29,2681,138,1
55,567089,PHI-2019-05-30,2019-05-30,2681,138,1
56,565828,PHI-2019-05-31,2019-05-31,22,119,0
57,565829,PHI-2019-06-01,2019-06-01,22,119,0
58,565830,PHI-2019-06-02,2019-06-02,22,119,0
59,566306,PHI-2019-06-03,2019-06-03,2680,135,0
60,566307,PHI-2019-06-04,2019-06-04,2680,135,0
61,566308,PHI-2019-06-05,2019-06-05,2680,135,0
62,567090,PHI-2019-06-07,2019-06-07,2681,113,1
63,567091,PHI-2019-06-08,2019-06-08,2681,113,1
64,567092,PHI-2019-06-09,2019-06-09,2681,113,1
65,567093,PHI-2019-06-10,2019-06-10,2681,109,1
66,567094,PHI-2019-06-11,2019-06-11,2681,109,1
67,567095,PHI-2019-06-12,2019-06-12,2681,109,1
68,567202,PHI-2019-06-14,2019-06-14,4705,144,0
69,567203,PHI-2019-06-15,2019-06-15,4705,144,0
70,567204,PHI-2019-06-16,2019-06-16,4705,144,0
71,565929,PHI-2019-06-17,2019-06-17,3309,120,0
72,565930,PHI-2019-06-18,2019-06-18,3309,120,0
73,565929,PHI-2019-06-19,2019-06-19,3309,120,0
74,565931,PHI-2019-06-19,2019-06-19,3309,120,0
75,565932,PHI-2019-06-20,2019-06-20,3309,120,0
76,567096,PHI-2019-06-21,2019-06-21,2681,146,1
77,567097,PHI-2019-06-22,2019-06-22,2681,146,1
78,567098,PHI-2019-06-23,2019-06-23,2681,146,1
79,567099,PHI-2019-06-24,2019-06-24,2681,121,1
80,567100,PHI-2019-06-25,2019-06-25,2681,121,1
81,567101,PHI-2019-06-26,2019-06-26,2681,121,1
82,567102,PHI-2019-06-27,2019-06-27,2681,121,1
83,567400,PHI-2019-06-28,2019-06-28,4169,146,0
84,567401,PHI-2019-06-29,2019-06-29,4169,146,0
85,567402,PHI-2019-06-30,2019-06-30,4169,146,0
86,567208,PHI-2019-07-02,2019-07-02,4705,144,0
87,567209,PHI-2019-07-03,2019-07-03,4705,144,0
88,567210,PHI-2019-07-04,2019-07-04,4705,144,0
89,566030,PHI-2019-07-05,2019-07-05,3289,121,0
90,566031,PHI-2019-07-06,2019-07-06,3289,121,0
91,566032,PHI-2019-07-07,2019-07-07,3289,121,0
92,567103,PHI-2019-07-12,2019-07-12,2681,120,1
93,567104,PHI-2019-07-13,2019-07-13,2681,120,1
94,567105,PHI-2019-07-14,2019-07-14,2681,120,1
95,567106,PHI-2019-07-15,2019-07-15,2681,119,1
96,567107,PHI-2019-07-16,2019-07-16,2681,119,1
97,567108,PHI-2019-07-17,2019-07-17,2681,119,1
98,567109,PHI-2019-07-18,2019-07-18,2681,119,1
99,566223,PHI-2019-07-19,2019-07-19,31,134,0
100,566224,PHI-2019-07-20,2019-07-20,31,134,0
101,566225,PHI-2019-07-21,2019-07-21,31,134,0
102,565559,PHI-2019-07-23,2019-07-23,2394,116,0
103,565560,PHI-2019-07-24,2019-07-24,2394,116,0
104,567110,PHI-2019-07-26,2019-07-26,2681,144,1
105,567111,PHI-2019-07-27,2019-07-27,2681,144,1
106,567112,PHI-2019-07-28,2019-07-28,2681,144,1
107,567113,PHI-2019-07-30,2019-07-30,2681,137,1
108,567114,PHI-2019-07-31,2019-07-31,2681,137,1
109,567115,PHI-2019-08-01,2019-08-01,2681,137,1
110,567116,PHI-2019-08-02,2019-08-02,2681,145,1
111,567117,PHI-2019-08-03,2019-08-03,2681,145,1
112,567118,PHI-2019-08-04,2019-08-04,2681,145,1
113,564885,PHI-2019-08-05,2019-08-05,15,109,0
114,564886,PHI-2019-08-06,2019-08-06,15,109,0
115,564887,PHI-2019-08-07,2019-08-07,15,109,0
116,566527,PHI-2019-08-08,2019-08-08,2395,137,0
117,566528,PHI-2019-08-09,2019-08-09,2395,137,0
118,566529,PHI-2019-08-10,2019-08-10,2395,137,0
119,566530,PHI-2019-08-11,2019-08-11,2395,137,0
120,567119,PHI-2019-08-13,2019-08-13,2681,112,1
121,567120,PHI-2019-08-14,2019-08-14,2681,112,1
122,567121,PHI-2019-08-15,2019-08-15,2681,112,1
123,567122,PHI-2019-08-16,2019-08-16,2681,135,1
124,567123,PHI-2019-08-17,2019-08-17,2681,135,1
125,567124,PHI-2019-08-18,2019-08-18,2681,135,1
126,565093,PHI-2019-08-20,2019-08-20,3,111,0
127,565094,PHI-2019-08-21,2019-08-21,3,111,0
128,567423,PHI-2019-08-23,2019-08-23,4169,146,0
129,567424,PHI-2019-08-24,2019-08-24,4169,146,0
130,567425,PHI-2019-08-25,2019-08-25,4169,146,0
131,567125,PHI-2019-08-26,2019-08-26,2681,134,1
132,567126,PHI-2019-08-27,2019-08-27,2681,134,1
133,567127,PHI-2019-08-28,2019-08-28,2681,134,1
134,567128,PHI-2019-08-30,2019-08-30,2681,121,1
135,567129,PHI-2019-08-31,2019-08-31,2681,121,1
136,567130,PHI-2019-09-01,2019-09-01,2681,121,1
137,565288,PHI-2019-09-02,2019-09-02,2602,113,0
138,565289,PHI-2019-09-03,2019-09-03,2602,113,0
139,565290,PHI-2019-09-04,2019-09-04,2602,113,0
140,565291,PHI-2019-09-05,2019-09-05,2602,113,0
141,566054,PHI-2019-09-06,2019-09-06,3289,121,0
142,566055,PHI-2019-09-07,2019-09-07,3289,121,0
143,566056,PHI-2019-09-08,2019-09-08,3289,121,0
144,567131,PHI-2019-09-09,2019-09-09,2681,144,1
145,567132,PHI-2019-09-10,2019-09-10,2681,144,1
146,567133,PHI-2019-09-11,2019-09-11,2681,144,1
147,567134,PHI-2019-09-12,2019-09-12,2681,144,1
148,567135,PHI-2019-09-14,2019-09-14,2681,111,1
149,567136,PHI-2019-09-15,2019-09-15,2681,111,1
150,567242,PHI-2019-09-17,2019-09-17,4705,144,0
151,567243,PHI-2019-09-18,2019-09-18,4705,144,0
152,567244,PHI-2019-09-19,2019-09-19,4705,144,0
153,565394,PHI-2019-09-20,2019-09-20,5,114,0
154,565395,PHI-2019-09-21,2019-09-21,5,114,0
155,565396,PHI-2019-09-22,2019-09-22,5,114,0
156,565969,PHI-2019-09-23,2019-09-23,3309,120,0
157,565930,PHI-2019-09-24,2019-09-24,3309,120,0
158,565970,PHI-2019-09-24,2019-09-24,3309,120,0
159,565971,PHI-2019-09-25,2019-09-25,3309,120,0
160,565972,PHI-2019-09-26,2019-09-26,3309,120,0
161,567137,PHI-2019-09-27,2019-09-27,2681,146,1
162,567138,PHI-2019-09-28,2019-09-28,2681,146,1
163,567139,PHI-2019-09-29,2019-09-29,2681,146,1
0,631121,PHI-2020-07-24,2020-07-24,2681,146,1
1,631108,PHI-2020-07-25,2020-07-25,2681,146,1
2,631126,PHI-2020-07-26,2020-07-26,2681,146,1
3,631127,PHI-2020-07-27,2020-07-27,2681,147,1
4,631129,PHI-2020-07-28,2020-07-28,2681,147,1
5,631219,PHI-2020-07-29,2020-07-29,3313,147,0
6,631220,PHI-2020-07-30,2020-07-30,3313,147,0
7,630919,PHI-2020-08-01,2020-08-01,2681,141,0
8,630918,PHI-2020-08-01,2020-08-01,2681,141,0
9,630907,PHI-2020-08-02,2020-08-02,2681,141,0
10,631219,PHI-2020-08-03,2020-08-03,3313,147,0
11,631318,PHI-2020-08-04,2020-08-04,4169,146,0
12,631220,PHI-2020-08-05,2020-08-05,2681,147,0
13,631127,PHI-2020-08-05,2020-08-05,2681,147,1
14,631320,PHI-2020-08-05,2020-08-05,4169,146,0
15,631129,PHI-2020-08-06,2020-08-06,2681,147,1
16,631321,PHI-2020-08-06,2020-08-06,4169,146,0
17,631131,PHI-2020-08-07,2020-08-07,2681,144,1
18,631133,PHI-2020-08-08,2020-08-08,2681,144,1
19,631136,PHI-2020-08-09,2020-08-09,2681,144,1
20,631131,PHI-2020-08-09,2020-08-09,2681,144,1
21,631138,PHI-2020-08-10,2020-08-10,2681,144,1
22,631139,PHI-2020-08-11,2020-08-11,2681,110,1
23,631141,PHI-2020-08-12,2020-08-12,2681,110,1
24,631142,PHI-2020-08-13,2020-08-13,2681,110,1
25,631150,PHI-2020-08-14,2020-08-14,2681,121,1
26,631151,PHI-2020-08-15,2020-08-15,2681,121,1
27,631124,PHI-2020-08-16,2020-08-16,2681,121,1
28,631651,PHI-2020-08-18,2020-08-18,3,111,0
29,631652,PHI-2020-08-19,2020-08-19,3,111,0
30,630919,PHI-2020-08-20,2020-08-20,2756,141,0
31,630918,PHI-2020-08-20,2020-08-20,2756,141,0
32,630324,PHI-2020-08-21,2020-08-21,4705,144,0
33,630338,PHI-2020-08-22,2020-08-22,4705,144,0
34,630273,PHI-2020-08-23,2020-08-23,4705,144,0
35,630855,PHI-2020-08-25,2020-08-25,3309,120,0
36,630853,PHI-2020-08-26,2020-08-26,3309,120,0
37,630896,PHI-2020-08-27,2020-08-27,3309,120,0
38,631125,PHI-2020-08-28,2020-08-28,2681,144,1
39,631134,PHI-2020-08-29,2020-08-29,2681,144,1
40,631135,PHI-2020-08-30,2020-08-30,2681,144,1
41,631143,PHI-2020-08-31,2020-08-31,2681,120,1
42,631153,PHI-2020-09-01,2020-09-01,2681,120,1
43,631145,PHI-2020-09-02,2020-09-02,2681,120,1
44,631146,PHI-2020-09-03,2020-09-03,2681,120,1
45,631221,PHI-2020-09-04,2020-09-04,3289,121,0
46,631228,PHI-2020-09-05,2020-09-05,3289,121,0
47,631209,PHI-2020-09-06,2020-09-06,3289,121,0
48,631225,PHI-2020-09-07,2020-09-07,3289,121,0
49,631149,PHI-2020-09-08,2020-09-08,2681,111,1
50,631152,PHI-2020-09-08,2020-09-08,2681,111,1
51,631309,PHI-2020-09-10,2020-09-10,4169,146,0
52,631310,PHI-2020-09-11,2020-09-11,4169,146,0
53,631318,PHI-2020-09-11,2020-09-11,4169,146,0
54,631311,PHI-2020-09-12,2020-09-12,4169,146,0
55,631312,PHI-2020-09-13,2020-09-13,4169,146,0
56,631320,PHI-2020-09-13,2020-09-13,4169,146,0
57,631321,PHI-2020-09-14,2020-09-14,4169,146,0
58,631144,PHI-2020-09-15,2020-09-15,2681,121,1
59,631119,PHI-2020-09-16,2020-09-16,2681,121,1
60,631117,PHI-2020-09-17,2020-09-17,2681,121,1
61,630907,PHI-2020-09-18,2020-09-18,2681,141,0
62,631122,PHI-2020-09-18,2020-09-18,2681,141,1
63,631123,PHI-2020-09-19,2020-09-19,2681,141,1
64,631128,PHI-2020-09-20,2020-09-20,2681,141,1
65,630884,PHI-2020-09-21,2020-09-21,3309,120,0
66,630888,PHI-2020-09-22,2020-09-22,3309,120,0
67,630896,PHI-2020-09-22,2020-09-22,3309,120,0
68,630892,PHI-2020-09-23,2020-09-23,3309,120,0
69,630938,PHI-2020-09-25,2020-09-25,12,139,0
70,630939,PHI-2020-09-26,2020-09-26,12,139,0
71,630945,PHI-2020-09-27,2020-09-27,12,139,0
0,634622,PHI-2021-04-01,2021-04-01,2681,144,1
1,634580,PHI-2021-04-03,2021-04-03,2681,144,1
2,634617,PHI-2021-04-04,2021-04-04,2681,144,1
3,634606,PHI-2021-04-05,2021-04-05,2681,121,1
4,634608,PHI-2021-04-06,2021-04-06,2681,121,1
5,634626,PHI-2021-04-07,2021-04-07,2681,121,1
6,634534,PHI-2021-04-09,2021-04-09,4705,144,0
7,634524,PHI-2021-04-10,2021-04-10,4705,144,0
8,632207,PHI-2021-04-11,2021-04-11,4705,144,0
9,632226,PHI-2021-04-12,2021-04-12,3289,121,0
10,632189,PHI-2021-04-13,2021-04-13,3289,121,0
11,632226,PHI-2021-04-13,2021-04-13,3289,121,0
12,634528,PHI-2021-04-14,2021-04-14,3289,121,0
13,634515,PHI-2021-04-15,2021-04-15,3289,121,0
14,634474,PHI-2021-04-16,2021-04-16,2681,138,1
15,634470,PHI-2021-04-17,2021-04-17,2681,138,1
16,634498,PHI-2021-04-18,2021-04-18,2681,138,1
17,634457,PHI-2021-04-19,2021-04-19,2681,137,1
18,634439,PHI-2021-04-20,2021-04-20,2681,137,1
19,634428,PHI-2021-04-21,2021-04-21,2681,137,1
20,634401,PHI-2021-04-23,2021-04-23,19,115,0
21,634418,PHI-2021-04-24,2021-04-24,19,115,0
22,634388,PHI-2021-04-25,2021-04-25,19,115,0
23,634345,PHI-2021-04-26,2021-04-26,2889,138,0
24,634318,PHI-2021-04-27,2021-04-27,2889,138,0
25,634314,PHI-2021-04-28,2021-04-28,2889,138,0
26,634352,PHI-2021-04-29,2021-04-29,2889,138,0
27,634336,PHI-2021-04-30,2021-04-30,2681,121,1
28,634276,PHI-2021-05-01,2021-05-01,2681,121,1
29,634257,PHI-2021-05-02,2021-05-02,2681,121,1
30,634244,PHI-2021-05-03,2021-05-03,2681,158,1
31,634324,PHI-2021-05-04,2021-05-04,2681,158,1
32,634294,PHI-2021-05-05,2021-05-05,2681,158,1
33,634283,PHI-2021-05-06,2021-05-06,2681,158,1
34,634219,PHI-2021-05-07,2021-05-07,4705,144,0
35,634199,PHI-2021-05-08,2021-05-08,4705,144,0
36,634175,PHI-2021-05-09,2021-05-09,4705,144,0
37,634144,PHI-2021-05-11,2021-05-11,3309,120,0
38,634151,PHI-2021-05-12,2021-05-12,3309,120,0
39,634103,PHI-2021-05-13,2021-05-13,3309,120,0
40,634119,PHI-2021-05-14,2021-05-14,2536,141,0
41,634139,PHI-2021-05-15,2021-05-15,2536,141,0
42,634069,PHI-2021-05-16,2021-05-16,2536,141,0
43,634051,PHI-2021-05-18,2021-05-18,2681,146,1
44,634044,PHI-2021-05-19,2021-05-19,2681,146,1
45,634039,PHI-2021-05-20,2021-05-20,2681,146,1
46,634054,PHI-2021-05-21,2021-05-21,2681,111,1
47,633984,PHI-2021-05-22,2021-05-22,2681,111,1
48,634004,PHI-2021-05-23,2021-05-23,2681,111,1
49,633976,PHI-2021-05-24,2021-05-24,4169,146,0
50,633969,PHI-2021-05-25,2021-05-25,4169,146,0
51,633901,PHI-2021-05-26,2021-05-26,4169,146,0
52,633957,PHI-2021-05-27,2021-05-27,4169,146,0
53,633894,PHI-2021-05-29,2021-05-29,12,139,0
54,633892,PHI-2021-05-30,2021-05-30,12,139,0
55,633983,PHI-2021-05-31,2021-05-31,2602,113,0
56,633868,PHI-2021-06-01,2021-06-01,2602,113,0
57,633867,PHI-2021-06-02,2021-06-02,2602,113,0
58,633862,PHI-2021-06-04,2021-06-04,2681,120,1
59,633795,PHI-2021-06-05,2021-06-05,2681,120,1
60,633786,PHI-2021-06-06,2021-06-06,2681,120,1
61,633785,PHI-2021-06-08,2021-06-08,2681,144,1
62,633764,PHI-2021-06-09,2021-06-09,2681,144,1
63,633762,PHI-2021-06-10,2021-06-10,2681,144,1
64,633763,PHI-2021-06-12,2021-06-12,2681,147,1
65,633715,PHI-2021-06-13,2021-06-13,2681,147,1
66,633652,PHI-2021-06-14,2021-06-14,22,119,0
67,633675,PHI-2021-06-15,2021-06-15,22,119,0
68,633677,PHI-2021-06-16,2021-06-16,22,119,0
69,633600,PHI-2021-06-18,2021-06-18,2395,137,0
70,633592,PHI-2021-06-19,2021-06-19,2395,137,0
71,633611,PHI-2021-06-20,2021-06-20,2395,137,0
72,633549,PHI-2021-06-22,2021-06-22,2681,120,1
73,633546,PHI-2021-06-23,2021-06-23,2681,120,1
74,633545,PHI-2021-06-25,2021-06-25,3289,121,0
75,634515,PHI-2021-06-25,2021-06-25,3289,121,0
76,633539,PHI-2021-06-26,2021-06-26,3289,121,0
77,633504,PHI-2021-06-27,2021-06-27,3289,121,0
78,633867,PHI-2021-06-28,2021-06-28,2602,113,0
79,633495,PHI-2021-06-29,2021-06-29,2681,146,1
80,633419,PHI-2021-06-30,2021-06-30,2681,146,1
81,633447,PHI-2021-07-01,2021-07-01,2681,146,1
82,633448,PHI-2021-07-02,2021-07-02,2681,135,1
83,633390,PHI-2021-07-03,2021-07-03,2681,135,1
84,633374,PHI-2021-07-04,2021-07-04,2681,135,1
85,633386,PHI-2021-07-05,2021-07-05,17,112,0
86,633393,PHI-2021-07-06,2021-07-06,17,112,0
87,633375,PHI-2021-07-07,2021-07-07,17,112,0
88,633397,PHI-2021-07-08,2021-07-08,17,112,0
89,633357,PHI-2021-07-09,2021-07-09,3,111,0
90,633344,PHI-2021-07-10,2021-07-10,3,111,0
91,633327,PHI-2021-07-11,2021-07-11,3,111,0
92,633283,PHI-2021-07-16,2021-07-16,2681,146,1
93,633447,PHI-2021-07-16,2021-07-16,2681,146,1
94,633299,PHI-2021-07-17,2021-07-17,2681,146,1
95,633299,PHI-2021-07-18,2021-07-18,2681,146,1
96,633239,PHI-2021-07-18,2021-07-18,2681,146,1
97,633216,PHI-2021-07-20,2021-07-20,3313,147,0
98,633213,PHI-2021-07-21,2021-07-21,3313,147,0
99,633276,PHI-2021-07-22,2021-07-22,2681,144,1
100,633214,PHI-2021-07-23,2021-07-23,2681,144,1
101,633202,PHI-2021-07-24,2021-07-24,2681,144,1
102,633192,PHI-2021-07-25,2021-07-25,2681,144,1
103,633168,PHI-2021-07-26,2021-07-26,2681,120,1
104,633152,PHI-2021-07-27,2021-07-27,2681,120,1
105,633134,PHI-2021-07-28,2021-07-28,2681,120,1
106,633081,PHI-2021-07-29,2021-07-29,2681,120,1
107,633134,PHI-2021-07-29,2021-07-29,2681,120,1
108,633108,PHI-2021-07-30,2021-07-30,31,134,0
109,633076,PHI-2021-07-31,2021-07-31,31,134,0
110,633082,PHI-2021-08-01,2021-08-01,31,134,0
111,633057,PHI-2021-08-02,2021-08-02,3309,120,0
112,633066,PHI-2021-08-03,2021-08-03,3309,120,0
113,633040,PHI-2021-08-04,2021-08-04,3309,120,0
114,632992,PHI-2021-08-05,2021-08-05,3309,120,0
115,633074,PHI-2021-08-06,2021-08-06,2681,121,1
116,632981,PHI-2021-08-07,2021-08-07,2681,121,1
117,632967,PHI-2021-08-08,2021-08-08,2681,121,1
118,632984,PHI-2021-08-10,2021-08-10,2681,119,1
119,632915,PHI-2021-08-11,2021-08-11,2681,119,1
120,632969,PHI-2021-08-12,2021-08-12,2681,119,1
121,632901,PHI-2021-08-13,2021-08-13,2681,113,1
122,632916,PHI-2021-08-14,2021-08-14,2681,113,1
123,632891,PHI-2021-08-15,2021-08-15,2681,113,1
124,632869,PHI-2021-08-17,2021-08-17,15,109,0
125,632848,PHI-2021-08-18,2021-08-18,15,109,0
126,632841,PHI-2021-08-19,2021-08-19,15,109,0
127,632817,PHI-2021-08-20,2021-08-20,2680,135,0
128,632806,PHI-2021-08-21,2021-08-21,2680,135,0
129,632830,PHI-2021-08-22,2021-08-22,2680,135,0
130,632777,PHI-2021-08-24,2021-08-24,2681,139,1
131,632727,PHI-2021-08-25,2021-08-25,2681,139,1
132,632746,PHI-2021-08-26,2021-08-26,2681,109,1
133,632808,PHI-2021-08-27,2021-08-27,2681,109,1
134,632712,PHI-2021-08-28,2021-08-28,2681,109,1
135,632673,PHI-2021-08-29,2021-08-29,2681,109,1
136,632691,PHI-2021-08-30,2021-08-30,3309,120,0
137,632677,PHI-2021-08-31,2021-08-31,3309,120,0
138,632670,PHI-2021-09-01,2021-09-01,3309,120,0
139,632670,PHI-2021-09-02,2021-09-02,3309,120,0
140,632621,PHI-2021-09-03,2021-09-03,4169,146,0
141,632626,PHI-2021-09-04,2021-09-04,4169,146,0
142,632602,PHI-2021-09-05,2021-09-05,4169,146,0
143,632584,PHI-2021-09-06,2021-09-06,32,158,0
144,632569,PHI-2021-09-07,2021-09-07,32,158,0
145,632565,PHI-2021-09-08,2021-09-08,32,158,0
146,632548,PHI-2021-09-09,2021-09-09,2681,115,1
147,632537,PHI-2021-09-10,2021-09-10,2681,115,1
148,632540,PHI-2021-09-11,2021-09-11,2681,115,1
149,632514,PHI-2021-09-12,2021-09-12,2681,115,1
150,632495,PHI-2021-09-14,2021-09-14,2681,112,1
151,632486,PHI-2021-09-15,2021-09-15,2681,112,1
152,632475,PHI-2021-09-16,2021-09-16,2681,112,1
153,632467,PHI-2021-09-17,2021-09-17,3289,121,0
154,632447,PHI-2021-09-18,2021-09-18,3289,121,0
155,632407,PHI-2021-09-19,2021-09-19,3289,121,0
156,632429,PHI-2021-09-20,2021-09-20,2681,110,1
157,632402,PHI-2021-09-21,2021-09-21,2681,110,1
158,632382,PHI-2021-09-22,2021-09-22,2681,110,1
159,632365,PHI-2021-09-23,2021-09-23,2681,134,1
160,632360,PHI-2021-09-24,2021-09-24,2681,134,1
161,632341,PHI-2021-09-25,2021-09-25,2681,134,1
162,632329,PHI-2021-09-26,2021-09-26,2681,134,1
163,632320,PHI-2021-09-28,2021-09-28,4705,144,0
164,632306,PHI-2021-09-29,2021-09-29,4705,144,0
165,632293,PHI-2021-09-30,2021-09-30,4705,144,0
166,632271,PHI-2021-10-01,2021-10-01,4169,146,0
167,632263,PHI-2021-10-02,2021-10-02,4169,146,0
168,632246,PHI-2021-10-03,2021-10-03,4169,146,0
